회사명,종목코드
DSR제강,69730.KS
GS글로벌,1250.KS
HDC랩스,39570.KS
HDC현대산업개발,294870.KS
HD현대,267250.KS
HL만도,204320.KS
LS네트웍스,680.KS
NAVER,35420.KS
NICE평가정보,30190.KS
SG세계물산,4060.KS
SK바이오사이언스,302440.KS
SK이터닉스,475150.KS
경농,2100.KS
금호석유화학,11780.KS
금호에이치티,214330.KS
기업은행,24110.KS
넥센,5720.KS
대덕전자,353200.KS
대원전선,6340.KS
대한항공,3490.KS
대현,16090.KS
덴티움,145720.KS
동성제약,2210.KS
동아에스티,170900.KS
동양,1520.KS
동원금속,18500.KS
동화약품,20.KS
디와이,13570.KS
롯데에너지머티리얼즈,20150.KS
롯데케미칼,11170.KS
명신산업,9900.KS
모나리자,12690.KS
무림페이퍼,9200.KS
미래에셋글로벌리츠,396690.KS
미래에셋맵스리츠,357250.KS
미래에셋생명,85620.KS
미원홀딩스,107590.KS
부산산업,11390.KS
산일전기,62040.KS
삼성제약,1360.KS
삼정펄프,9770.KS
선도전기,7610.KS
선진,136490.KS
세원정공,21820.KS
신성통상,5390.KS
신한알파리츠,293940.KS
신한지주,55550.KS
쏘카,403550.KS
아시아나항공,20560.KS
아이에이치큐,3560.KS
에넥스,11090.KS
엔씨소프트,36570.KS
엔피씨,4250.KS
우진,105840.KS
원림,5820.KS
윌비스,8600.KS
유니켐,11330.KS
이건산업,8250.KS
이구산업,25820.KS
이리츠코크렙,88260.KS
인스코비,6490.KS
인지컨트롤스,23800.KS
일동홀딩스,230.KS
일신방직,3200.KS
일신석재,7110.KS
제이준코스메틱,25620.KS
종근당바이오,63160.KS
주성코퍼레이션,109070.KS
참엔지니어링,9310.KS
코람코더원리츠,417310.KS
코람코라이프인프라리츠,357120.KS
코스모화학,5420.KS
코오롱ENP,138490.KS
코오롱글로벌,3070.KS
콤텍시스템,31820.KS
쿠쿠홈시스,284740.KS
크라운제과,264900.KS
키다리스튜디오,20120.KS
키움증권,39490.KS
티비에이치글로벌,84870.KS
퍼시스,16800.KS
풍산홀딩스,5810.KS
한국금융지주,71050.KS
한국석유공업,4090.KS
한국주철관공업,970.KS
한국카본,17960.KS
한국특강,7280.KS
한일홀딩스,3300.KS
한진칼,180640.KS
한창,5110.KS
한화시스템,272210.KS
현대비앤지스틸,4560.KS
현대차증권,1500.KS
현대해상,1450.KS
혜인,3010.KS
효성 ITX,94280.KS
효성중공업,298040.KS
효성화학,298000.KS
BNK금융지주,138930.KS
CJ제일제당,97950.KS
DRB동일,4840.KS
GS건설,6360.KS
HDC현대EP,89470.KS
HD한국조선해양,9540.KS
HD현대건설기계,267270.KS
HD현대마린엔진,71970.KS
HD현대인프라코어,42670.KS
HJ중공업,97230.KS
HLB글로벌,3580.KS
HS효성,487570.KS
JB금융지주,175330.KS
PI첨단소재,178920.KS
SK리츠,395400.KS
SNT에너지,100840.KS
SUN&L,2820.KS
강원랜드,35250.KS
경동인베스트,12320.KS
경방,50.KS
경보제약,214390.KS
고려제강,2240.KS
광명전기,17040.KS
교보증권,30610.KS
금강공업,14280.KS
금호건설,2990.KS
남선알미늄,8350.KS
노루페인트,90350.KS
노루홀딩스,320.KS
다스코,58730.KS
다올투자증권,30210.KS
다우기술,23590.KS
대동전자,8110.KS
대웅,3090.KS
대웅제약,69620.KS
대원강업,430.KS
대창단조,15230.KS
덕양산업,24900.KS
동국씨엠,460850.KS
동국홀딩스,1230.KS
동부건설,5960.KS
동아쏘시오홀딩스,640.KS
동원시스템즈,14820.KS
동일고무벨트,163560.KS
두산퓨얼셀,336260.KS
디와이파워,210540.KS
롯데관광개발,32350.KS
롯데쇼핑,23530.KS
롯데지주,4990.KS
만호제강,1080.KS
맵스리얼티1,94800.KS
미래에셋증권,6800.KS
백광산업,1340.KS
부국철강,26940.KS
사조동아원,8040.KS
삼부토건,1470.KS
삼성공조,6660.KS
삼성중공업,10140.KS
삼양홀딩스,70.KS
삼호개발,10960.KS
삼화왕관,4450.KS
세방전지,4490.KS
세아베스틸지주,1430.KS
세아제강,306200.KS
세아특수강,19440.KS
셀트리온,68270.KS
신라교역,4970.KS
신성이엔지,11930.KS
신세계I&C,35510.KS
아주스틸,139990.KS
알루코,1780.KS
에스케이바이오팜,326030.KS
엔케이,85310.KS
엘브이엠씨,900140.KS
엘에스일렉트릭,10120.KS
영원무역,111770.KS
영화금속,12280.KS
유엔젤,72130.KS
이수스페셜티케미컬,457190.KS
이수페타시스,7660.KS
이월드,84680.KS
이지스밸류플러스리츠,334890.KS
인팩,23810.KS
일진홀딩스,15860.KS
자이에스앤디,317400.KS
전진건설로봇,79900.KS
제일파마홀딩스,2620.KS
조비,1550.KS
지누스,13890.KS
지엠비코리아,13870.KS
카카오페이,377300.KS
코리아써키트,7810.KS
코오롱,2020.KS
태경산업,15890.KS
티웨이홀딩스,4870.KS
파미셀,5690.KS
포스코스틸리온,58430.KS
하나투어,39130.KS
한국내화,10040.KS
한국단자공업,25540.KS
한국종합기술,23350.KS
한세예스24홀딩스,16450.KS
한일현대시멘트,6390.KS
한진중공업홀딩스,3480.KS
한컴라이프케어,372910.KS
해태제과식품,101530.KS
현대약품,4310.KS
현대코퍼레이션,11760.KS
형지엘리트,93240.KS
호전실업,111110.KS
호텔신라,8770.KS
효성티앤씨,298020.KS
BYC,1460.KS
CJ CGV,79160.KS
DH오토넥스,300.KS
GKL,114090.KS
GS피앤엘,499790.KS
HS화성,2460.KS
KC그린홀딩스,9440.KS
KC코트렐,119650.KS
KSS해운,44450.KS
KTis,58860.KS
LF,93050.KS
LG유플러스,32640.KS
LS,6260.KS
LS에코에너지,229640.KS
LX하우시스,108670.KS
MH에탄올,23150.KS
NH올원리츠,400760.KS
NI스틸,8260.KS
SIMPAC,9160.KS
SK가스,18670.KS
SK디스커버리,6120.KS
SNT다이내믹스,3570.KS
경동나비엔,9450.KS
경인양행,12610.KS
남성,4270.KS
남양유업,3920.KS
넷마블,251270.KS
녹십자홀딩스,5250.KS
대교,19680.KS
대상,1680.KS
대신증권,3540.KS
대원제약,3220.KS
대한전선,1440.KS
동양생명,82640.KS
동양철관,8970.KS
동원산업,6040.KS
디앤디플랫폼리츠,377190.KS
롯데이노베이트,286940.KS
맥쿼리인프라,88980.KS
메타케어,118000.KS
무림P&P,9580.KS
무학,33920.KS
미래아이앤지,7120.KS
미창석유공업,3650.KS
비상교육,100220.KS
삼성에스디에스,18260.KS
삼성출판사,68290.KS
삼성화재해상보험,810.KS
삼양패키징,272550.KS
삼영,3720.KS
삼익악기,2450.KS
삼진제약,5500.KS
삼화전자공업,11230.KS
서원,21050.KS
성문전자,14910.KS
세원이앤씨,91090.KS
수산중공업,17550.KS
스틱인베스트먼트,26890.KS
신도리코,29530.KS
신영증권,1720.KS
아모레퍼시픽그룹,2790.KS
아시아나IDT,267850.KS
애경케미칼,161000.KS
에스제이엠홀딩스,25530.KS
에이프로젠바이오로직스,3060.KS
에이피알,278470.KS
오리온홀딩스,1800.KS
유진증권,1200.KS
유화증권,3460.KS
이지스레지던스리츠,350520.KS
이화산업,760.KS
인천도시가스,34590.KS
인터지스,129260.KS
일성건설,13360.KS
잇츠한불,226320.KS
자화전자,33240.KS
전방,950.KS
종근당홀딩스,1630.KS
주연테크,44380.KS
진원생명과학,11000.KS
코오롱모빌리티그룹,450140.KS
콘텐트리중앙,36420.KS
쿠쿠홀딩스,192400.KS
크래프톤,259960.KS
태림포장,11280.KS
토니모리,214420.KS
티케이지휴켐스,69260.KS
팜스코,36580.KS
풍산,103140.KS
하나금융지주,86790.KS
하이트진로홀딩스,140.KS
한국ANKOR유전,152550.KS
한국공항,5430.KS
한국전력공사,15760.KS
한신공영,4960.KS
한전KPS,51600.KS
한전기술,52690.KS
한창제지,9460.KS
한화손해보험,370.KS
한화솔루션,9830.KS
한화투자증권,3530.KS
현대로템,64350.KS
현대백화점,69960.KS
현대자동차,5380.KS
화신,10690.KS
화천기계,10660.KS
환인제약,16580.KS
BGF리테일,282330.KS
CJ씨푸드,11150.KS
DB,12030.KS
HL홀딩스,60980.KS
HMM,11200.KS
HS애드,35000.KS
HS효성첨단소재,298050.KS
KISCO홀딩스,1940.KS
LG전자,66570.KS
LG화학,51910.KS
LX인터내셔널,1120.KS
NH프라임리츠,338100.KS
OCI홀딩스,10060.KS
SK,34730.KS
SKC,11790.KS
SK네트웍스,1740.KS
SK증권,1510.KS
STX그린로지스,465770.KS
TP,7980.KS
WISCOM,24070.KS
계양전기,12200.KS
국보,1140.KS
금호타이어,73240.KS
기신정기,92440.KS
기아,270.KS
넥센타이어,2350.KS
대호에이엘,69460.KS
동성케미컬,102260.KS
동일산업,4890.KS
드림텍,192650.KS
디아이,3160.KS
롯데하이마트,71840.KS
메타랩스,90370.KS
부광약품,3000.KS
부국증권,1270.KS
부산주공,5030.KS
빙그레,5180.KS
사조씨푸드,14710.KS
삼성FN리츠,448730.KS
삼아알미늄,6110.KS
삼익THK,4380.KS
삼화콘덴서공업,1820.KS
서연,7860.KS
수산인더스트리,126720.KS
스타에스엠리츠,204210.KS
신원,9270.KS
신일전자,2700.KS
신한글로벌액티브리츠,481850.KS
아남전자,8700.KS
아이마켓코리아,122900.KS
아이에스동서,10780.KS
에스엠벡셀,10580.KS
에스원,12750.KS
에스제이엠,123700.KS
에이리츠,140910.KS
에이블씨엔씨,78520.KS
에코프로머티,450080.KS
엑시큐어하이트론,19490.KS
엔에이치엔,181710.KS
엠앤씨솔루션,484870.KS
영진약품,3520.KS
영풍제지,6740.KS
오뚜기,7310.KS
오리온,271560.KS
웅진씽크빅,95720.KS
유니온,910.KS
이노션,214320.KS
이수화학,5950.KS
이엔플러스,74610.KS
제이에스코퍼레이션,194370.KS
제주항공,89590.KS
진도,88790.KS
진양홀딩스,100250.KS
진양화학,51630.KS
케이씨텍,281820.KS
케이씨티시,9070.KS
케이티앤지,33780.KS
콜마홀딩스,24720.KS
태원물산,1420.KS
테이팩스,55490.KS
텔코웨어,78000.KS
포스코DX,22100.KS
포스코인터내셔널,47050.KS
프레스티지바이오파마,950210.KS
플레이그램,9810.KS
한국가스공사,36460.KS
한국수출포장공업,2200.KS
한국토지신탁,34830.KS
한미약품,128940.KS
한샘,9240.KS
한솔로지스틱스,9180.KS
한일시멘트,300720.KS
한전산업,130660.KS
한화에어로스페이스,12450.KS
핸즈코퍼레이션,143210.KS
현대리바트,79430.KS
현대모비스,12330.KS
현대지에프홀딩스,5440.KS
현대홈쇼핑,57050.KS
화천기공,850.KS
휴스틸,5010.KS
흥국화재,540.KS
DB손해보험,5830.KS
DL이앤씨,375500.KS
DN오토모티브,7340.KS
F&F 홀딩스,7700.KS
HD현대에너지솔루션,322000.KS
KB발해인프라,415640.KS
KIB플러그에너지,15590.KS
KTcs,58850.KS
LG생활건강,51900.KS
LG에너지솔루션,373220.KS
LX세미콘,108320.KS
POSCO홀딩스,5490.KS
S-Oil,10950.KS
SGC에너지,5090.KS
SJG세종,33530.KS
SK스퀘어,402340.KS
SK아이이테크놀로지,361610.KS
SK이노베이션,96770.KS
SNT모티브,64960.KS
STX엔진,77970.KS
TYM,2900.KS
경인전자,9140.KS
계룡건설산업,13580.KS
광동제약,9290.KS
교촌에프앤비,339770.KS
국도화학,7690.KS
극동유화,14530.KS
깨끗한나라,4540.KS
넥스틸,92790.KS
농심홀딩스,72710.KS
대구백화점,6370.KS
대림통상,6570.KS
대상홀딩스,84690.KS
대우건설,47040.KS
대창,12800.KS
대한제강,84010.KS
동국제강,460860.KS
동원수산,30720.KS
롯데렌탈,89860.KS
롯데리츠,330590.KS
롯데정밀화학,4000.KS
마스턴프리미어리츠,357430.KS
명문제약,17180.KS
모토닉,9680.KS
문배철강,8420.KS
방림,3610.KS
범양건영,2410.KS
비에이치,90460.KS
삼성증권,16360.KS
삼화전기,9470.KS
새론오토모티브,75180.KS
성보화학,3080.KS
세아제강지주,3030.KS
솔루스첨단소재,336370.KS
솔루엠,248070.KS
송원산업,4430.KS
신대양제지,16590.KS
신송홀딩스,6880.KS
신영와코루,5800.KS
신흥,4080.KS
쌍방울,102280.KS
아세아시멘트,183190.KS
에스엘,5850.KS
엘앤에프,66970.KS
영풍,670.KS
우성,6980.KS
우진아이엔에스,10400.KS
우진플라임,49800.KS
유나이티드,33270.KS
유니드,14830.KS
유니온머티리얼,47400.KS
유유제약,220.KS
유한양행,100.KS
이연제약,102460.KS
일양약품,7570.KS
제이알글로벌리츠,348950.KS
제일약품,271980.KS
조광페인트,4910.KS
조선내화,462520.KS
진양산업,3780.KS
진흥기업,2780.KS
케이씨,29460.KS
케이씨씨글라스,344820.KS
코스모신소재,5070.KS
코아스,71950.KS
코웨이,21240.KS
태광산업,3240.KS
파라다이스,34230.KS
팬오션,28670.KS
퍼스텍,10820.KS
평화홀딩스,10770.KS
하이스틸,71090.KS
한국앤컴퍼니,240.KS
한미반도체,42700.KS
한섬,20000.KS
한세실업,105630.KS
한세엠케이,69640.KS
한솔테크닉스,4710.KS
한솔홈데코,25750.KS
한양증권,1750.KS
한익스프레스,14130.KS
한진,2320.KS
한화생명,88350.KS
현대위아,11210.KS
현대제철,4020.KS
현대코퍼레이션홀딩스,227840.KS
화승코퍼레이션,13520.KS
화인베스틸,133820.KS
휠라홀딩스,81660.KS
휴니드테크놀러지스,5870.KS
휴비스,79980.KS
AJ네트웍스,95570.KS
BGF,27410.KS
DSR,155660.KS
DS단석,17860.KS
HD현대마린솔루션,443060.KS
HL D&I,14790.KS
INVENI,15360.KS
JW생명과학,234080.KS
KB스타리츠,432320.KS
KG스틸,16380.KS
KPX케미칼,25000.KS
KPX홀딩스,92230.KS
LG헬로비전,37560.KS
LIG넥스원,79550.KS
SBS,34120.KS
SH에너지화학,2360.KS
SK오션플랜트,100090.KS
SK하이닉스,660.KS
SNT홀딩스,36530.KS
SPC삼립,5610.KS
TCC스틸,2710.KS
YG PLUS,37270.KS
갤럭시아에스엠,11420.KS
국제약품,2720.KS
금비,8870.KS
금호전기,1210.KS
남광토건,1260.KS
남해화학,25860.KS
녹십자,6280.KS
대동,490.KS
대성산업,128820.KS
대성에너지,117580.KS
대양금속,9190.KS
대한제분,1130.KS
더본코리아,475560.KS
동아지질,28100.KS
동원F&B,49770.KS
동인기연,111380.KS
동일제강,2690.KS
두산밥캣,241560.KS
롯데칠성음료,5300.KS
메리츠금융지주,138040.KS
미래산업,25560.KS
미원에스씨,268280.KS
바이오노트,377740.KS
백산,35150.KS
벽산,7210.KS
보락,2760.KS
사조산업,7160.KS
삼성물산,28260.KS
삼성바이오로직스,207940.KS
삼성전자,5930.KS
삼성카드,29780.KS
삼영전자공업,5680.KS
상상인증권,1290.KS
상신브레이크,41650.KS
샘표식품,248170.KS
서연이화,200880.KS
신세계,4170.KS
신한서부티엔디리츠,404990.KS
써니전자,4770.KS
씨티알모빌리티,308170.KS
아세아제지,2310.KS
아진전자부품,9320.KS
애경산업,18250.KS
에쓰씨엔지니어링,23960.KS
에어부산,298690.KS
에이플러스에셋,244920.KS
오리엔트바이오,2630.KS
웅진,16880.KS
웰바이오텍,10600.KS
유니드비티플러스,446070.KS
유안타증권,3470.KS
이아이디,93230.KS
인바이오젠,101140.KS
일정실업,8500.KS
일진다이아,81000.KS
일진디스플,20760.KS
제주은행,6220.KS
조선선재,120030.KS
조흥,2600.KS
진양폴리우레탄,10640.KS
청호ICT,12600.KS
카프로,6380.KS
케이비아이동국실업,1620.KS
케이티,30200.KS
태경비케이,14580.KS
태영건설,9410.KS
팜젠사이언스,4720.KS
풀무원,17810.KS
한국쉘석유,2960.KS
한국철강,104700.KS
한국콜마,161890.KS
한국항공우주,47810.KS
한국화장품,123690.KS
한국화장품제조,3350.KS
한농화성,11500.KS
한독,2390.KS
한미사이언스,8930.KS
한성기업,3680.KS
한올바이오파마,9420.KS
한화,880.KS
한화갤러리아,452260.KS
한화엔진,82740.KS
현대건설,720.KS
현대오토에버,307950.KS
현대퓨처넷,126560.KS
CJ,1040.KS
CJ대한통운,120.KS
DB금융투자,16610.KS
E1,17940.KS
GS리테일,7070.KS
HDC,12630.KS
JW중외제약,1060.KS
JW홀딩스,96760.KS
KB금융,105560.KS
KG모빌리티,3620.KS
KH 필룩스,33180.KS
LG씨엔에스,64400.KS
LG이노텍,11070.KS
OCI,456040.KS
SG글로벌,1380.KS
SK디앤디,210980.KS
SK텔레콤,17670.KS
STX,11810.KS
경동도시가스,267290.KS
고려아연,10130.KS
광전자,17900.KS
광주신세계,37710.KS
그린케미칼,83420.KS
금양,1570.KS
까뮤이앤씨,13700.KS
농심,4370.KS
다이나믹디자인,145210.KS
대덕,8060.KS
대림바스,5750.KS
대성홀딩스,16710.KS
대한방직,1070.KS
대한유화,6650.KS
대한화섬,3830.KS
동방아그로,7590.KS
두산,150.KS
두산로보틱스,454910.KS
두올,16740.KS
디아이동일,1530.KS
디아이씨,92200.KS
롯데손해보험,400.KS
롯데웰푸드,280360.KS
마니커,27740.KS
모나미,5360.KS
미원상사,2840.KS
미원화학,134380.KS
보령,3850.KS
사조대림,3960.KS
사조오양,6090.KS
삼성SDI,6400.KS
삼성전기,9150.KS
삼양사,145990.KS
삼일씨엔에스,4440.KS
삼화페인트공업,390.KS
샘표,7540.KS
서울보증보험,31210.KS
서흥,8490.KS
세기상사,2420.KS
세아홀딩스,58650.KS
세우글로벌,13000.KS
시디즈,134790.KS
시알홀딩스,480.KS
신세계인터내셔날,31430.KS
신풍제약,19170.KS
씨케이솔루션,480370.KS
아세아,2030.KS
아센디오,12170.KS
에이엔피,15260.KS
에이프로젠,7460.KS
영보화학,14440.KS
영흥,12160.KS
와이투솔루션,11690.KS
우신시스템,17370.KS
유니퀘스트,77500.KS
이마트,139480.KS
이스타코,15020.KS
인디에프,14990.KS
일진전기,103590.KS
제일연마,1560.KS
조광피혁,4700.KS
종근당,185750.KS
진에어,272450.KS
체시스,33250.KS
카카오,35720.KS
케이씨씨,2380.KS
케이탑리츠,145270.KS
케이티스카이라이프,53210.KS
코리안리,3690.KS
코오롱인더,120110.KS
태경케미컬,6890.KS
태양금속공업,4100.KS
포스코퓨처엠,3670.KS
하나제약,293480.KS
한국주강,25890.KS
한솔제지,213500.KS
한솔홀딩스,4150.KS
한신기계공업,11700.KS
한온시스템,18880.KS
현대그린푸드,453340.KS
현대엘리베이터,17800.KS
화승알앤에이,378850.KS
효성,4800.KS
흥아해운,3280.KS
AK홀딩스,6840.KS
CS홀딩스,590.KS
DB하이텍,990.KS
DL,210.KS
ESR켄달스퀘어리츠,365550.KS
F&F,383220.KS
GS,78930.KS
HD현대미포,10620.KS
HD현대일렉트릭,267260.KS
HD현대중공업,329180.KS
KEC,92220.KS
KG케미칼,1390.KS
KR모터스,40.KS
LG,3550.KS
LG디스플레이,34220.KS
LX홀딩스,383800.KS
NH투자증권,5940.KS
NICE,34310.KS
SHD,1770.KS
SK케미칼,285130.KS
iM금융지주,139130.KS
가온전선,500.KS
강남제비스코,860.KS
고려산업,2140.KS
대영포장,14160.KS
대원화성,24890.KS
대유에이텍,2880.KS
대한제당,1790.KS
대한해운,5880.KS
더블유게임즈,192080.KS
더존비즈온,12510.KS
덕성,4830.KS
도화엔지니어링,2150.KS
동남합성,23450.KS
동방,4140.KS
동서,26960.KS
동양고속,84670.KS
동양피스톤,92780.KS
두산에너빌리티,34020.KS
디씨엠,24090.KS
모나용평,70960.KS
보해양조,890.KS
비비안,2070.KS
삼성E&A,28050.KS
삼성생명,32830.KS
삼양식품,3230.KS
삼양통상,2170.KS
삼영무역,2810.KS
삼원강재,23000.KS
삼일제약,520.KS
삼천리,4690.KS
서울도시가스,17390.KS
서울식품공업,4410.KS
성신양회,4980.KS
성안머티리얼스,11300.KS
성창기업지주,180.KS
세방,4360.KS
세이브존I&C,67830.KS
세진중공업,75580.KS
시프트업,462870.KS
신세계푸드,31440.KS
신풍,2870.KS
씨아이테크,4920.KS
씨에스윈드,112610.KS
아모레퍼시픽,90430.KS
에스디바이오센서,137310.KS
엠씨넥스,97520.KS
영원무역홀딩스,9970.KS
온타이드,5320.KS
우리금융지주,316140.KS
유성기업,2920.KS
유수홀딩스,700.KS
율촌화학,8730.KS
일동제약,249420.KS
일성아이에스,3120.KS
일진하이솔루스,271940.KS
제일기획,30000.KS
조일알미늄,18470.KS
지역난방공사,71320.KS
천일고속,650.KS
카카오뱅크,323410.KS
케이카,381970.KS
코스맥스,192820.KS
코스맥스비티아이,44820.KS
크라운해태홀딩스,5740.KS
티에이치엔,19180.KS
티와이홀딩스,363280.KS
티웨이항공,91810.KS
페이퍼코리아,1020.KS
평화산업,90080.KS
하이브,352820.KS
하이트진로,80.KS
한국무브넥스,10100.KS
한국자산신탁,123890.KS
한국전자홀딩스,6200.KS
한국제지,27970.KS
한국타이어앤테크놀로지,161390.KS
한미글로벌,53690.KS
한솔케미칼,14680.KS
한솔피엔에스,10420.KS
한일철강,2220.KS
한화리츠,451800.KS
한화비전,489790.KS
한화오션,42660.KS
해성디에스,195870.KS
현대글로비스,86280.KS
화승엔터프라이즈,241590.KS
화승인더스트리,6060.KS
황금에스티,32560.KS
후성,93370.KS
CJ프레시웨이,51500.KQ
FSN,214270.KQ
GH신소재,130500.KQ
GRT,900290.KQ
HLB,28300.KQ
HPSP,403870.KQ
KCC건설,21320.KQ
M83,476080.KQ
PN풍년,24940.KQ
RFHIC,218410.KQ
S&K폴리텍,91340.KQ
SCI평가정보,36120.KQ
SGA,49470.KQ
SM Life Design,63440.KQ
YBM넷,57030.KQ
iMBC,52220.KQ
가온그룹,78890.KQ
감성코퍼레이션,36620.KQ
경동제약,11040.KQ
경창산업,24910.KQ
골드앤에스,35290.KQ
교보17호스팩,489210.KQ
금화피에스시,36190.KQ
꿈비,407400.KQ
나노엔텍,39860.KQ
내츄럴엔도텍,168330.KQ
네오펙트,290660.KQ
노바텍,285490.KQ
녹십자엠에스,142280.KQ
뉴온,123840.KQ
다원넥스뷰,323350.KQ
대명에너지,389260.KQ
대모,317850.KQ
대성미생물,36480.KQ
대원산업,5710.KQ
더네이쳐홀딩스,298540.KQ
더블유에스아이,299170.KQ
덕우전자,263600.KQ
덴티스,261200.KQ
동구바이오제약,6620.KQ
동우팜투테이블,88910.KQ
드림어스컴퍼니,60570.KQ
디알텍,214680.KQ
디지캡,197140.KQ
라온테크,232680.KQ
라온텍,418420.KQ
라이콤,388790.KQ
램테크놀러지,171010.KQ
러셀,217500.KQ
레이저쎌,412350.KQ
로보스타,90360.KQ
로체시스템즈,71280.KQ
리더스코스메틱,16100.KQ
링크드,193250.KQ
메타바이오메드,59210.KQ
모베이스,101330.KQ
모헨즈,6920.KQ
미래반도체,254490.KQ
바이오다인,314930.KQ
바이젠셀,308080.KQ
바텍,43150.KQ
벨로크,424760.KQ
보로노이,310210.KQ
본느,226340.KQ
부방,14470.KQ
뷰노,338220.KQ
브이씨,365900.KQ
비보존 제약,82800.KQ
비피도,238200.KQ
삼보모터스,53700.KQ
삼성스팩8호,448740.KQ
삼양엔씨켐,482630.KQ
삼현철강,17480.KQ
상신이디피,91580.KQ
서린바이오,38070.KQ
서울바이오시스,92190.KQ
서전기전,189860.KQ
서플러스글로벌,140070.KQ
선광,3100.KQ
선익시스템,171090.KQ
세림B&G,340440.KQ
세보엠이씨,11560.KQ
세아메카닉스,396300.KQ
센코,347000.KQ
셀레믹스,331920.KQ
셀루메드,49180.KQ
셀바스AI,108860.KQ
셀바이오휴먼텍,318160.KQ
소룩스,290690.KQ
수산아이앤티,50960.KQ
슈피겐코리아,192440.KQ
스킨앤스킨,159910.KQ
스톤브릿지벤처스,330730.KQ
스튜디오산타클로스,204630.KQ
시너지이노베이션,48870.KQ
시지메드텍,56090.KQ
신신제약,2800.KQ
신한제14호스팩,487360.KQ
신흥에스이씨,243840.KQ
심텍홀딩스,36710.KQ
쎄트렉아이,99320.KQ
쎌바이오텍,49960.KQ
씨싸이트,109670.KQ
씨젠,96530.KQ
씨티케이,260930.KQ
아모센스,357580.KQ
아미노로직스,74430.KQ
아비코전자,36010.KQ
아이디피,332370.KQ
아이엠비디엑스,461030.KQ
아이티센,124500.KQ
알파녹스,43100.KQ
애머릿지,900100.KQ
앤디포스,238090.KQ
에스디시스템,121890.KQ
에스앤디,260970.KQ
에스에스알,275630.KQ
에스와이,109610.KQ
에스코넥,96630.KQ
에스피소프트,443670.KQ
에이디칩스,54630.KQ
에이에스텍,453860.KQ
에이치시티,72990.KQ
에이치엠씨제7호스팩,477340.KQ
에이텍,45660.KQ
에이프로,262260.KQ
에이프릴바이오,397030.KQ
에프엔에스테크,83500.KQ
엔에이치스팩25호,438580.KQ
엔에이치스팩31호,481890.KQ
엘앤씨바이오,290650.KQ
엠디바이스,226590.KQ
엠브레인,169330.KQ
엠아이큐브솔루션,373170.KQ
엠케이전자,33160.KQ
오공,45060.KQ
와이씨켐,112290.KQ
와이어블,65530.KQ
와이엔텍,67900.KQ
와이오엠,66430.KQ
와이제이링크,209640.KQ
와이즈버즈,273060.KQ
와이지엔터테인먼트,122870.KQ
우리바이오,82850.KQ
우양에이치씨,101970.KQ
우진엔텍,457550.KQ
원익IPS,240810.KQ
원일특강,12620.KQ
원준,382840.KQ
원텍,336570.KQ
웨이버스,336060.KQ
위니아에이드,377460.KQ
위닉스,44340.KQ
유니온커뮤니티,203450.KQ
유라클,88340.KQ
유아이디,69330.KQ
유아이엘,49520.KQ
유안타제16호스팩,474490.KQ
유진스팩11호,488060.KQ
이노룰스,296640.KQ
이랜텍,54210.KQ
이렘,9730.KQ
이브이첨단소재,131400.KQ
이스트아시아홀딩스,900110.KQ
이엔셀,456070.KQ
이지트로닉스,377330.KQ
이크레더블,92130.KQ
이트론,96040.KQ
인성정보,33230.KQ
인터엠,17250.KQ
일승,333430.KQ
잉크테크,49550.KQ
정다운,208140.KQ
정상제이엘에스,40420.KQ
제우스,79370.KQ
제일바이오,52670.KQ
제일일렉트릭,199820.KQ
젬백스,82270.KQ
조이시티,67000.KQ
주성엔지니어링,36930.KQ
중앙에너비스,440.KQ
지어소프트,51160.KQ
지에스이,53050.KQ
지엘팜텍,204840.KQ
진양제약,7370.KQ
창해에탄올,4650.KQ
카페24,42000.KQ
캐리소프트,317530.KQ
캡스톤파트너스,452300.KQ
컴투스홀딩스,63080.KQ
케이엘넷,39420.KQ
케이프,64820.KQ
케이피에프,24880.KQ
케일럼,258610.KQ
코닉오토메이션,391710.KQ
코리아나,27050.KQ
코미코,183300.KQ
코세스,89890.KQ
코칩,126730.KQ
코텍,52330.KQ
퀄리타스반도체,432720.KQ
큐렉소,60280.KQ
큐브엔터,182360.KQ
크리스탈신소재,900250.KQ
키움제10호스팩,487720.KQ
키움제8호스팩,446840.KQ
탑엔지니어링,65130.KQ
테고사이언스,191420.KQ
토비스,51360.KQ
투비소프트,79970.KQ
티이엠씨씨엔에스,241790.KQ
파라텍,33540.KQ
파버나인,177830.KQ
파워로직스,47310.KQ
파커스,65690.KQ
포니링크,64800.KQ
포스코엠텍,9520.KQ
폴라리스오피스,41020.KQ
푸드나무,290720.KQ
푸른소나무,57880.KQ
프레스티지바이오로직스,334970.KQ
프로이천,321260.KQ
프롬바이오,377220.KQ
플래티어,367000.KQ
플레이디,237820.KQ
피씨엘,241820.KQ
피앤에스미캐닉스,460940.KQ
피에이치에이,43370.KQ
피엔에이치테크,239890.KQ
핑거스토리,417180.KQ
하나26호스팩,446750.KQ
하스,450330.KQ
하이제8호스팩,450050.KQ
한네트,52600.KQ
한솔인티큐브,70590.KQ
한주에이알티,58450.KQ
현대사료,16790.KQ
형지글로벌,308100.KQ
화인써키트,127980.KQ
휴림에이텍,78590.KQ
휴마시스,205470.KQ
휴먼테크놀로지,175140.KQ
휴온스,243070.KQ
GST,83450.KQ
HB인베스트먼트,440290.KQ
HLB바이오스텝,278650.KQ
HLB이노베이션,24850.KQ
HLB제넥스,187420.KQ
HLB파나진,46210.KQ
IBKS제24호스팩,469480.KQ
KB제27호스팩,464680.KQ
KB제29호스팩,478390.KQ
RF머트리얼즈,327260.KQ
RF시스템즈,474610.KQ
YTN,40300.KQ
YW,51390.KQ
강동씨앤엘,198440.KQ
고려신용정보,49720.KQ
고영,98460.KQ
교보15호스팩,465320.KQ
넥스트아이,137940.KQ
넵튠,217270.KQ
노머스,473980.KQ
노브랜드,145170.KQ
농우바이오,54050.KQ
누보,332290.KQ
뉴인텍,12340.KQ
다산솔루에타,154040.KQ
대동스틸,48470.KQ
대신밸런스제14호스팩,442310.KQ
대신정보통신,20180.KQ
대원미디어,48910.KQ
대주산업,3310.KQ
대화제약,67080.KQ
더라미,32860.KQ
덕신이피씨,90410.KQ
덱스터,206560.KQ
듀켐바이오,176750.KQ
드래곤플라이,30350.KQ
디앤디파마텍,347850.KQ
디에이테크놀로지,196490.KQ
디오,39840.KQ
디지틀조선,33130.KQ
딜리,131180.KQ
딥마인드,223310.KQ
라이온켐텍,171120.KQ
링네트,42500.KQ
모니터랩,434480.KQ
모비데이즈,363260.KQ
미래에셋비전스팩5호,477470.KQ
미코,59090.KQ
바이오로그디바이스,208710.KQ
바이오솔루션,86820.KQ
보성파워텍,6910.KQ
브랜드엑스코퍼레이션,337930.KQ
브리지텍,64480.KQ
블루엠텍,439580.KQ
비나텍,126340.KQ
비스토스,419540.KQ
비올,335890.KQ
비츠로시스,54220.KQ
빅텍,65450.KQ
삼륭물산,14970.KQ
삼현,437730.KQ
상아프론테크,89980.KQ
새빗켐,107600.KQ
서연탑메탈,19770.KQ
서울전자통신,27040.KQ
성우,458650.KQ
세동,53060.KQ
세운메디칼,100700.KQ
세원물산,24830.KQ
세중,39310.KQ
세화피앤씨,252500.KQ
센서뷰,321370.KQ
셀로맥스사이언스,471820.KQ
수성웹툰,84180.KQ
수젠텍,253840.KQ
슈어소프트테크,298830.KQ
스코넥,276040.KQ
시지트로닉스,429270.KQ
시큐브,131090.KQ
신라에스지,25870.KQ
신테카바이오,226330.KQ
신한제12호스팩,474660.KQ
심플랫폼,444530.KQ
썸에이지,208640.KQ
씨앤씨인터내셔널,352480.KQ
씨엔알리서치,359090.KQ
씨유메디칼,115480.KQ
아가방컴퍼니,13990.KQ
아모텍,52710.KQ
아스타,246720.KQ
아스테라시스,450950.KQ
아이비젼웍스,469750.KQ
아이스크림미디어,461300.KQ
아이앤씨,52860.KQ
아이윈,90150.KQ
알멕,354320.KQ
알서포트,131370.KQ
알에프세미,96610.KQ
앤씨앤,92600.KQ
앱트뉴로사이언스,270520.KQ
양지사,30960.KQ
에스넷,38680.KQ
에스씨엠생명과학,298060.KQ
에스퓨얼셀,288620.KQ
에스피시스템스,317830.KQ
에이직랜드,445090.KQ
에이치엠넥스,36170.KQ
에이텀,355690.KQ
에코마케팅,230360.KQ
에코프로,86520.KQ
에프앤가이드,64850.KQ
에프엔씨엔터,173940.KQ
엑스게이트,356680.KQ
엑스페릭스,317770.KQ
엑시온그룹,69920.KQ
엔비티,236810.KQ
엔시트론,101400.KQ
엔켐,348370.KQ
엔투텍,227950.KQ
엘오티베큠,83310.KQ
엠투엔,33310.KQ
오늘이엔엠,192410.KQ
오비고,352910.KQ
오상헬스케어,36220.KQ
오스코텍,39200.KQ
오스테오닉,226400.KQ
오에스피,368970.KQ
올릭스,226950.KQ
옵투스제약,131030.KQ
옵트론텍,82210.KQ
와이바이오로직스,338840.KQ
우원개발,46940.KQ
위즈코프,38620.KQ
위츠,459100.KQ
윈스,136540.KQ
유바이오로직스,206650.KQ
유안타제10호스팩,435380.KQ
유안타제17호스팩,493790.KQ
유진로봇,56080.KQ
유진테크놀로지,240600.KQ
유투바이오,221800.KQ
유티아이,179900.KQ
유틸렉스,263050.KQ
윤성에프앤씨,372170.KQ
이수앱지스,86890.KQ
이엠넷,123570.KQ
이엠코리아,95190.KQ
이퓨쳐,134060.KQ
인바이오,352940.KQ
인선이엔티,60150.KQ
인탑스,49070.KQ
인포바인,115310.KQ
인피니트헬스케어,71200.KQ
자비스,254120.KQ
제이스코홀딩스,23440.KQ
제이엔케이글로벌,126880.KQ
제일엠앤에스,412540.KQ
좋은사람들,33340.KQ
지놈앤컴퍼니,314130.KQ
지란지교시큐리티,208350.KQ
진영,285800.KQ
차이커뮤니케이션,351870.KQ
체리부로,66360.KQ
카티스,140430.KQ
케이엔솔,53080.KQ
켄코아에어로스페이스,274090.KQ
코다코,46070.KQ
코디,80530.KQ
코스텍시스,355150.KQ
큐리언트,115180.KQ
큐캐피탈,16600.KQ
키움제11호스팩,489480.KQ
탑런토탈솔루션,336680.KQ
태양,53620.KQ
테라사이언스,73640.KQ
텔레칩스,54450.KQ
토모큐브,475960.KQ
토탈소프트,45340.KQ
트루엔,417790.KQ
티디에스팜,464280.KQ
티로보틱스,117730.KQ
파루,43200.KQ
파멥신,208340.KQ
파수,150900.KQ
파인테크닉스,106240.KQ
파트론,91700.KQ
팬엔터테인먼트,68050.KQ
팬젠,222110.KQ
포시에스,189690.KQ
포커스에이치엔에스,331380.KQ
풍국주정,23900.KQ
프리엠스,53160.KQ
피플바이오,304840.KQ
핌스,347770.KQ
하나27호스팩,448370.KQ
하이로닉,149980.KQ
하이즈항공,221840.KQ
한국선재,25550.KQ
한국제12호스팩,458610.KQ
한국팩키지,37230.KQ
한창산업,79170.KQ
해성옵틱스,76610.KQ
헝셩그룹,900270.KQ
현대이지웰,90850.KQ
현우산업,92300.KQ
휴림로봇,90710.KQ
휴맥스,115160.KQ
휴엠앤씨,263920.KQ
CJ ENM,35760.KQ
DMS,68790.KQ
EG,37370.KQ
IBKS제21호스팩,442770.KQ
IBKS제23호스팩,467930.KQ
KG에코솔루션,151860.KQ
KH 미래물산,111870.KQ
KNN,58400.KQ
MDS테크,86960.KQ
NE능률,53290.KQ
NPX,222160.KQ
가비아,79940.KQ
강스템바이오텍,217730.KQ
경남스틸,39240.KQ
광림,14200.KQ
교보13호스팩,440790.KQ
구영테크,53270.KQ
국일신동,60480.KQ
그래디언트,35080.KQ
그리드위즈,453450.KQ
글로벌에스엠,900070.KQ
금양그린파워,282720.KQ
기가비스,420770.KQ
기산텔레콤,35460.KQ
나노캠텍,91970.KQ
나노팀,417010.KQ
나우IB,293580.KQ
나이스정보통신,36800.KQ
네오리진,94860.KQ
노을,376930.KQ
뉴프렉스,85670.KQ
대동금속,20400.KQ
대성하이텍,129920.KQ
대한뉴팜,54670.KQ
대한약품,23910.KQ
덕산네오룩스,213420.KQ
동방메디컬,240550.KQ
동성화인텍,33500.KQ
동아엘텍,88130.KQ
동양에스텍,60380.KQ
동일금속,109860.KQ
동진쎄미켐,5290.KQ
드림씨아이에스,223250.KQ
디젠스,113810.KQ
딥노이드,315640.KQ
라메디텍,462510.KQ
라온피플,300120.KQ
레인보우로보틱스,277810.KQ
메드팩토,235980.KQ
메디아나,41920.KQ
메디톡스,86900.KQ
메카로,241770.KQ
모다이노칩,80420.KQ
모두투어,80160.KQ
모바일어플라이언스,87260.KQ
모베이스전자,12860.KQ
모아텍,33200.KQ
바른손,18700.KQ
바이오인프라,199730.KQ
백금T&A,46310.KQ
벡트,457600.KQ
비아트론,141000.KQ
비유테크놀러지,230980.KQ
비케이홀딩스,50090.KQ
삼기,122350.KQ
삼기이브이,419050.KQ
삼영에스앤씨,361670.KQ
삼영이엔씨,65570.KQ
삼일,32280.KQ
삼천당제약,250.KQ
삼표시멘트,38500.KQ
상상인,38540.KQ
서부T&D,6730.KQ
서울리거,43710.KQ
석경에이티,357550.KQ
성광벤드,14620.KQ
세경하이테크,148150.KQ
세종메디칼,258830.KQ
소프트센,32680.KQ
스타코링크,60240.KQ
스톰테크,352090.KQ
시노펙스,25320.KQ
신도기연,290520.KQ
신라젠,215600.KQ
신일제약,12790.KQ
쎄니트,37760.KQ
쓰리빌리언,394800.KQ
씨에스베어링,297090.KQ
씨큐브,101240.KQ
아바텍,149950.KQ
아세아텍,50860.KQ
아이디스,143160.KQ
아이스크림에듀,289010.KQ
아이쓰리시스템,214430.KQ
아이씨에이치,368600.KQ
아이씨티케이,456010.KQ
아이패밀리에스씨,114840.KQ
아진산업,13310.KQ
아티스트스튜디오,200350.KQ
알리코제약,260660.KQ
알에스오토메이션,140670.KQ
알톤,123750.KQ
알피바이오,314140.KQ
압타바이오,293780.KQ
애드바이오텍,179530.KQ
앱코,129890.KQ
어보브반도체,102120.KQ
에너토크,19990.KQ
에스앤더블류,103230.KQ
에스에너지,95910.KQ
에스에이티,60540.KQ
에스에이티이엔지,351320.KQ
에스지헬스케어,398120.KQ
에스티오,98660.KQ
에스티큐브,52020.KQ
에스폴리텍,50760.KQ
에스피지,58610.KQ
에쎈테크,43340.KQ
에이비프로바이오,195990.KQ
에이스침대,3800.KQ
에이스테크,88800.KQ
에이에프더블류,312610.KQ
에이엘티,172670.KQ
에이치이엠파마,376270.KQ
에코캡,128540.KQ
엑셀세라퓨틱스,373110.KQ
엔에이치스팩24호,437780.KQ
엔젠바이오,354200.KQ
엔젯,419080.KQ
엔케이맥스,182400.KQ
엠아이텍,179290.KQ
영화테크,265560.KQ
오리엔탈정공,14940.KQ
오션인더블유,52300.KQ
오픈놀,440320.KQ
오픈엣지테크놀로지,394280.KQ
와이솔,122990.KQ
와토스코리아,79000.KQ
우듬지팜,403490.KQ
우리손에프앤지,73560.KQ
우리이앤엘,153490.KQ
월덱스,101160.KQ
유니테스트,86390.KQ
유디엠텍,389680.KQ
유성티엔에스,24800.KQ
유안타제13호스팩,449020.KQ
육일씨엔에쓰,191410.KQ
이글벳,44960.KQ
이닉스,452400.KQ
이엘씨,41520.KQ
이엘피,63760.KQ
이엠텍,91120.KQ
인산가,277410.KQ
인스피언,465480.KQ
재영솔루텍,49630.KQ
제넥신,95700.KQ
제노코,361390.KQ
제로투세븐,159580.KQ
제이씨현시스템,33320.KQ
제이앤티씨,204270.KQ
제이에스티나,26040.KQ
제이엘케이,322510.KQ
제테마,216080.KQ
지니너스,389030.KQ
지더블유바이텍,36180.KQ
지씨셀,144510.KQ
지아이텍,382480.KQ
지오엘리먼트,311320.KQ
지투파워,388050.KQ
진로발효,18120.KQ
진바이오텍,86060.KQ
진성티이씨,36890.KQ
차백신연구소,261780.KQ
케이사인,192250.KQ
케이옥션,102370.KQ
케이피티유,54410.KQ
켐트로닉스,89010.KQ
코데즈컴바인,47770.KQ
코리아에프티,123410.KQ
코스맥스엔비티,222040.KQ
코스메카코리아,241710.KQ
코어라인소프트,384470.KQ
코엔텍,29960.KQ
코웰패션,33290.KQ
코윈테크,282880.KQ
코이즈,121850.KQ
퀀타매트릭스,317690.KQ
큐라클,365270.KQ
큐로홀딩스,51780.KQ
크레오에스지,40350.KQ
테크엘,64520.KQ
톱텍,108230.KQ
티에스아이,277880.KQ
티에스이,131290.KQ
티엑스알로보틱스,484810.KQ
티케이케미칼,104480.KQ
파두,440110.KQ
파로스아이바이오,388870.KQ
파마리서치,214450.KQ
파세코,37070.KQ
파워넷,37030.KQ
파인디지털,38950.KQ
파인텍,131760.KQ
패션플랫폼,225590.KQ
펄어비스,263750.KQ
포스뱅크,105760.KQ
풍원정밀,371950.KQ
퓨쳐켐,220100.KQ
플래스크,41590.KQ
피씨디렉트,51380.KQ
피앤씨테크,237750.KQ
피에스케이,319660.KQ
피엔티엠에스,257370.KQ
하나31호스팩,469900.KQ
하나32호스팩,475240.KQ
하나33호스팩,475250.KQ
하나기술,299030.KQ
하나마이크론,67310.KQ
한국경제TV,39340.KQ
한국비티비,219750.KQ
한국알콜,17890.KQ
한국유니온제약,80720.KQ
한독크린텍,256150.KQ
한빛레이저,452190.KQ
한싹,430690.KQ
한양이엔지,45100.KQ
한주라이트메탈,198940.KQ
한켐,457370.KQ
한텍,98070.KQ
현대에버다임,41440.KQ
협진,138360.KQ
홈캐스트,64240.KQ
화일약품,61250.KQ
휴럼,353190.KQ
휴온스글로벌,84110.KQ
휴젤,145020.KQ
APS,54620.KQ
CS,65770.KQ
CSA 코스믹,83660.KQ
DGI,99520.KQ
EDGC,245620.KQ
HB테크놀러지,78150.KQ
KD,44180.KQ
KG모빌리언스,46440.KQ
KH바텍,60720.KQ
KS인더스트리,101000.KQ
KX하이텍,52900.KQ
KZ정밀,36560.KQ
LK삼양,225190.KQ
SBI핀테크솔루션즈,950110.KQ
SFA반도체,36540.KQ
SM C&C,48550.KQ
TS트릴리온,317240.KQ
광무,29480.KQ
나라셀라,405920.KQ
남화토건,91590.KQ
네오셈,253590.KQ
네오오토,212560.KQ
네이블,153460.KQ
노블엠앤비,106520.KQ
녹십자웰빙,234690.KQ
누리플랜,69140.KQ
누리플렉스,40160.KQ
다산네트웍스,39560.KQ
대동기어,8830.KQ
대보마그네틱,290670.KQ
대신밸런스제18호스팩,478780.KQ
대양전기공업,108380.KQ
대진첨단소재,393970.KQ
대한과학,131220.KQ
대한광통신,10170.KQ
더블유씨피,393890.KQ
더즌,462860.KQ
덕산테코피아,317330.KQ
데이원컴퍼니,373160.KQ
동신건설,25950.KQ
동양이엔피,79960.KQ
두산테스나,131970.KQ
디비금융스팩12호,477760.KQ
디케이락,105740.KQ
디티씨,66670.KQ
디티앤씨알오,383930.KQ
랩지노믹스,84650.KQ
로보티즈,108490.KQ
리메드,302550.KQ
마음AI,377480.KQ
매커스,93520.KQ
메가터치,446540.KQ
미래나노텍,95500.KQ
미래에셋비전스팩6호,478440.KQ
바디텍메드,206640.KQ
바이브컴퍼니,301300.KQ
바이오에프디엔씨,251120.KQ
바이오플러스,99430.KQ
버넥트,438700.KQ
베뉴지,19010.KQ
뷰티스킨,406820.KQ
브레인즈컴퍼니,99390.KQ
브이원텍,251630.KQ
비덴트,121800.KQ
비엠티,86670.KQ
비큐AI,148780.KQ
빅솔론,93190.KQ
빌리언스,44480.KQ
빛과전자,69540.KQ
빛샘전자,72950.KQ
삼보산업,9620.KQ
삼아제약,9300.KQ
삼천리자전거,24950.KQ
상상인제4호스팩,452670.KQ
상지건설,42940.KQ
새로닉스,42600.KQ
서남,294630.KQ
서울반도체,46890.KQ
선진뷰티사이언스,86710.KQ
성우하이텍,15750.KQ
성일하이텍,365340.KQ
세명전기,17510.KQ
소프트캠프,258790.KQ
스마트레이더시스템,424960.KQ
스타플렉스,115570.KQ
스튜디오미르,408900.KQ
시큐레터,418250.KQ
신성델타테크,65350.KQ
신한제15호스팩,487830.KQ
신화콘텍,187270.KQ
실리콘투,257720.KQ
싸이버원,356890.KQ
쏘닉스,88280.KQ
씨씨에스,66790.KQ
씨어스테크놀로지,458870.KQ
씨엔플러스,115530.KQ
아시아종묘,154030.KQ
아우딘퓨쳐스,227610.KQ
아이디스홀딩스,54800.KQ
아이엠,101390.KQ
안국약품,1540.KQ
알비더블유,361570.KQ
알티캐스트,85810.KQ
에르코스,435570.KQ
에스오에스랩,464080.KQ
에스켐,475660.KQ
에스텍,69510.KQ
에이치케이,44780.KQ
에이치피오,357230.KQ
에이티넘인베스트,21080.KQ
에치에프알,230240.KQ
엑세스바이오,950130.KQ
엑셈,205100.KQ
엑스플러스,373200.KQ
엔바이오니아,317870.KQ
엔시스,333620.KQ
엔에이치스팩27호,440820.KQ
엔지스테크널러지,208860.KQ
엔지켐생명과학,183490.KQ
엠게임,58630.KQ
엠로,58970.KQ
엠에스오토텍,123040.KQ
영우디에스피,143540.KQ
예림당,36000.KQ
예스24,53280.KQ
오가닉티코스메틱,900300.KQ
오로스테크놀로지,322310.KQ
오토앤,353590.KQ
온코크로스,382150.KQ
와이씨,232140.KQ
와이엠,7530.KQ
와이엠텍,273640.KQ
우수AMS,66590.KQ
우진비앤지,18620.KQ
워트,396470.KQ
원익머트리얼즈,104830.KQ
원풍물산,8290.KQ
웨이브일렉트로,95270.KQ
웨이비스,289930.KQ
위니아,71460.KQ
위드텍,348350.KQ
위메이드,112040.KQ
윙스풋,335870.KQ
유니셈,36200.KQ
유니크,11320.KQ
유니테크노,241690.KQ
유비벨록스,89850.KQ
유안타제12호스팩,446150.KQ
유일로보틱스,388720.KQ
유진기업,23410.KQ
유진스팩10호,468760.KQ
유진테크,84370.KQ
율호,72770.KQ
이글루,67920.KQ
이노와이어리스,73490.KQ
이녹스첨단소재,272290.KQ
이씨에스,67010.KQ
이엠앤아이,83470.KQ
이화공영,1840.KQ
인콘,83640.KQ
인텍플러스,64290.KQ
자람테크놀로지,389020.KQ
장원테크,174880.KQ
전진바이오팜,110020.KQ
제닉,123330.KQ
제룡산업,147830.KQ
제룡전기,33100.KQ
제이에스링크,127120.KQ
젠큐릭스,229000.KQ
조광ILI,44060.KQ
청담글로벌,362320.KQ
카스,16920.KQ
컨텍,451760.KQ
케스피온,79190.KQ
케이쓰리아이,431190.KQ
케이엔더블유,105330.KQ
케이엔알시스템,199430.KQ
케이엔에스,432470.KQ
케이이엠텍,106080.KQ
케이피에스,256940.KQ
코난테크놀로지,402030.KQ
코렌텍,104540.KQ
코리아에셋투자증권,190650.KQ
코메론,49430.KQ
코아시아,45970.KQ
코츠테크놀로지,448710.KQ
크라우드웍스,355390.KQ
키이스트,54780.KQ
태웅,44490.KQ
태웅로직스,124560.KQ
테라젠이텍스,66700.KQ
테크윙,89030.KQ
티비씨,33830.KQ
티사이언티픽,57680.KQ
티씨케이,64760.KQ
티에스넥스젠,43220.KQ
티에프이,425420.KQ
티움바이오,321550.KQ
티플랙스,81150.KQ
포인트엔지니어링,256630.KQ
폴라리스AI,39980.KQ
폴라리스세원,234100.KQ
프리시젼바이오,335810.KQ
플라즈맵,405000.KQ
피아이이,452450.KQ
피엠티,147760.KQ
피코그램,376180.KQ
픽셀플러스,87600.KQ
필에너지,378340.KQ
하나28호스팩,454750.KQ
하이딥,365590.KQ
하츠,66130.KQ
한국가구,4590.KQ
한국맥널티,222980.KQ
한국비엔씨,256840.KQ
한국파마,32300.KQ
한선엔지니어링,452280.KQ
한성크린텍,66980.KQ
한일사료,5860.KQ
해성에어로보틱스,59270.KQ
화성밸브,39610.KQ
휴네시온,290270.KQ
휴메딕스,200670.KQ
CG인바이츠,83790.KQ
DH오토리드,290120.KQ
HK이노엔,195940.KQ
HRS,36640.KQ
IBKS제20호스팩,439730.KQ
JTC,950170.KQ
JYP Ent.,35900.KQ
KBG,318000.KQ
LS마린솔루션,60370.KQ
LS티라유텍,322180.KQ
NEW,160550.KQ
SAMG엔터,419530.KQ
SCL사이언스,246960.KQ
SG,255220.KQ
SG&G,40610.KQ
SKAI,357880.KQ
SK증권제10호스팩,457940.KQ
SK증권제11호스팩,472230.KQ
SK증권제8호스팩,435870.KQ
SOOP,67160.KQ
SV인베스트먼트,289080.KQ
TKG애강,22220.KQ
가온칩스,399720.KQ
골프존뉴딘홀딩스,121440.KQ
국영지앤엠,6050.KQ
그린플러스,186230.KQ
기가레인,49080.KQ
네오이뮨텍,950220.KQ
네오팜,92730.KQ
네패스,33640.KQ
뉴트리,270870.KQ
다원시스,68240.KQ
닷밀,464580.KQ
대봉엘에스,78140.KQ
대성파인텍,104040.KQ
대신밸런스제19호스팩,482690.KQ
더코디,224060.KQ
데이타솔루션,263800.KQ
동국S&C,100130.KQ
동국생명과학,303810.KQ
디바이스이엔지,187870.KQ
디알젬,263690.KQ
디와이디,219550.KQ
디와이피엔에프,104460.KQ
디이엔티,79810.KQ
디지아이,43360.KQ
라온시큐어,42510.KQ
리가켐바이오,141080.KQ
마이크로디지탈,305090.KQ
매일홀딩스,5990.KQ
머큐리,100590.KQ
메이슨캐피탈,21880.KQ
멕아이씨에스,58110.KQ
모아데이타,288980.KQ
미래에셋비전스팩7호,482680.KQ
미스터블루,207760.KQ
미코바이오메드,214610.KQ
미트박스,475460.KQ
바이오니아,64550.KQ
바이오톡스텍,86040.KQ
배럴,267790.KQ
밸로프,331520.KQ
뱅크웨어글로벌,199480.KQ
베노티앤알,206400.KQ
베셀,177350.KQ
부스타,8470.KQ
브릿지바이오,288330.KQ
블랙야크아이앤씨,478560.KQ
비씨엔씨,146320.KQ
비에이치아이,83650.KQ
비엔케이제2호스팩,473370.KQ
사람인,143240.KQ
삼성스팩7호,439250.KQ
샘씨엔에스,252990.KQ
샤페론,378800.KQ
서산,79650.KQ
서희건설,35890.KQ
선바이오,67370.KQ
성도이엔지,37350.KQ
성우전자,81580.KQ
셀레스트라,352770.KQ
셀비온,308430.KQ
소마젠,950200.KQ
솔트룩스,304100.KQ
스맥,99440.KQ
스튜디오삼익,415380.KQ
시공테크,20710.KQ
신스틸,162300.KQ
신시웨이,290560.KQ
신영스팩9호,445970.KQ
신원종합개발,17000.KQ
신진에스엠,138070.KQ
신화인터텍,56700.KQ
심텍,222800.KQ
싸이토젠,217330.KQ
쎄노텍,222420.KQ
씨앤지하이테크,264660.KQ
씨앤투스,352700.KQ
씨이랩,189330.KQ
아나패스,123860.KQ
아미코젠,92040.KQ
아스트,67390.KQ
아이센스,99190.KQ
아이씨디,40910.KQ
아이에스티이,212710.KQ
아이엘사이언스,307180.KQ
아이진,185490.KQ
아이퀘스트,262840.KQ
아이큐어,175250.KQ
아이티센엔텍,10280.KQ
아티스트유나이티드,321820.KQ
안랩,53800.KQ
알로이스,297570.KQ
애니젠,196300.KQ
애니플러스,310200.KQ
액트로,290740.KQ
야스,255440.KQ
에스바이오메딕스,304360.KQ
에스엠씨지,460870.KQ
에스엠코어,7820.KQ
에이디테크놀로지,200710.KQ
에이비엘바이오,298380.KQ
에이유브랜즈,481070.KQ
에이치엘사이언스,239610.KQ
에이치와이티씨,148930.KQ
에프에스티,36810.KQ
엑시콘,92870.KQ
엔텔스,69410.KQ
엘컴텍,37950.KQ
엘티씨,170920.KQ
엠에프엠코리아,323230.KQ
오르비텍,46120.KQ
오리콤,10470.KQ
오텍,67170.KQ
오파스넷,173130.KQ
오하임앤컴퍼니,309930.KQ
옵티코어,380540.KQ
와이엠씨,155650.KQ
우리로,46970.KQ
우리산업홀딩스,72470.KQ
우림피티에스,101170.KQ
우양,103840.KQ
우정바이오,215380.KQ
원익QnC,74600.KQ
원티드랩,376980.KQ
웰킵스하이텍,43590.KQ
웹젠,69080.KQ
위너스,479960.KQ
위더스제약,330350.KQ
윈하이텍,192390.KQ
유비케어,32620.KQ
유안타제15호스팩,473050.KQ
유에스티,263770.KQ
율촌,146060.KQ
이건홀딩스,39020.KQ
이노메트리,302430.KQ
이노시뮬레이션,274400.KQ
이노인스트루먼트,215790.KQ
이랜시스,264850.KQ
이미지스,115610.KQ
이베스트스팩6호,478110.KQ
이삭엔지니어링,351330.KQ
이엔에프테크놀로지,102710.KQ
이오테크닉스,39030.KQ
이지바이오,353810.KQ
이지홀딩스,35810.KQ
인벤티지랩,389470.KQ
인스웨이브시스템즈,450520.KQ
인지소프트,100030.KQ
인크레더블버즈,64090.KQ
인크로스,216050.KQ
인트로메딕,150840.KQ
인화정공,101930.KQ
일월지엠엘,178780.KQ
정원엔시스,45510.KQ
제넨바이오,72520.KQ
제놀루션,225220.KQ
제이스텍,90470.KQ
진시스템,363250.KQ
차바이오텍,85660.KQ
캐리,313760.KQ
컴퍼니케이,307930.KQ
케어젠,214370.KQ
케이씨에스,115500.KQ
케이엔제이,272110.KQ
케이피엠테크,42040.KQ
켐트로스,220260.KQ
코맥스,36690.KQ
코아스템켐온,166480.KQ
콜마비앤에이치,200130.KQ
쿠콘,294570.KQ
큐리옥스바이오시스템즈,445680.KQ
크린앤사이언스,45520.KQ
클래시스,214150.KQ
클리오,237880.KQ
태광,23160.KQ
토마토시스템,393210.KQ
토박스코리아,215480.KQ
툴젠,199800.KQ
티앤알바이오팹,246710.KQ
티이엠씨,425040.KQ
파이버프로,368770.KQ
파이오링크,170790.KQ
파인디앤씨,49120.KQ
팜스빌,318010.KQ
팜스토리,27710.KQ
포바이포,389140.KQ
포인트모바일,318020.KQ
풍강,93380.KQ
퓨런티어,370090.KQ
프럼파스트,35200.KQ
플랜티넷,75130.KQ
피에스케이홀딩스,31980.KQ
피에스텍,2230.KQ
하나금융25호스팩,435620.KQ
하이드로리튬,101670.KQ
하이젠알앤엠,160190.KQ
한국전자인증,41460.KQ
한국제15호스팩,479880.KQ
한빛소프트,47080.KQ
한울소재과학,91440.KQ
한중엔시에스,107640.KQ
현대힘스,460930.KQ
홈센타홀딩스,60560.KQ
화신정공,126640.KQ
효성오앤비,97870.KQ
휴센텍,215090.KQ
흥구석유,24060.KQ
흥국,10240.KQ
3S,60310.KQ
AP시스템,265520.KQ
CNT85,56730.KQ
DB금융스팩11호,456440.KQ
DH오토웨어,25440.KQ
ES큐브,50120.KQ
HLB생명과학,67630.KQ
HLB제약,47920.KQ
JW신약,67290.KQ
KB제25호스팩,455250.KQ
KB제30호스팩,486630.KQ
LB세미콘,61970.KQ
SDN,99220.KQ
SGA솔루션즈,184230.KQ
SK증권제13호스팩,473950.KQ
THE E&M,89230.KQ
TPC,48770.KQ
TS인베스트먼트,246690.KQ
갤럭시아머니트리,94480.KQ
고바이오랩,348150.KQ
국보디자인,66620.KQ
국전약품,307750.KQ
그린리소스,402490.KQ
나스미디어,89600.KQ
나이스디앤비,130580.KQ
남화산업,111710.KQ
네오위즈홀딩스,42420.KQ
네오티스,85910.KQ
네온테크,306620.KQ
네이처셀,7390.KQ
넥스트바이오메디컬,389650.KQ
넥써쓰,205500.KQ
노랑풍선,104620.KQ
뉴보텍,60260.KQ
대륙제관,4780.KQ
대유,290380.KQ
대창스틸,140520.KQ
대호특수강,21040.KQ
덕산하이메탈,77360.KQ
데브시스터즈,194480.KQ
도이치모터스,67990.KQ
동국알앤에스,75970.KQ
동국제약,86450.KQ
동운아나텍,94170.KQ
동화기업,25900.KQ
드림시큐리티,203650.KQ
디에스케이,109740.KQ
디케이티,290550.KQ
디티앤씨,187220.KQ
라닉스,317120.KQ
레몬,294140.KQ
레이,228670.KQ
레이언스,228850.KQ
레이크머티리얼즈,281740.KQ
마이크로컨텍솔,98120.KQ
마이크로투나노,424980.KQ
메디콕스,54180.KQ
미래에셋드림스팩1호,442900.KQ
미래컴퍼니,49950.KQ
밀리의서재,418470.KQ
바른손이앤에이,35620.KQ
바이온,32980.KQ
뷰웍스,100120.KQ
브이티,18290.KQ
블루콤,33560.KQ
블리츠웨이스튜디오,369370.KQ
비아이매트릭스,413640.KQ
비엔케이제1호스팩,445360.KQ
비츠로셀,82920.KQ
사피엔반도체,452430.KQ
산돌,419120.KQ
삼보판지,23600.KQ
삼양케이씨아이,36670.KQ
삼진,32750.KQ
삼진엘앤디,54090.KQ
샌즈랩,411080.KQ
서암기계공업,100660.KQ
서울제약,18680.KQ
서원인텍,93920.KQ
서진시스템,178320.KQ
서진오토모티브,122690.KQ
성창오토텍,80470.KQ
성호전자,43260.KQ
셀바스헬스케어,208370.KQ
소니드,60230.KQ
솔브레인홀딩스,36830.KQ
슈프리마,236200.KQ
스페코,13810.KQ
승일,49830.KQ
시그네틱스,33170.KQ
시스웍,269620.KQ
신성에스티,416180.KQ
신영스팩8호,430220.KQ
신한제13호스팩,474930.KQ
싸이맥스,160980.KQ
씨유테크,376290.KQ
씨피시스템,413630.KQ
아난티,25980.KQ
아바코,83930.KQ
아셈스,136410.KQ
아이비김영,339950.KQ
아이언디바이스,464500.KQ
아이즈비전,31310.KQ
아크솔루션스,203690.KQ
아톤,158430.KQ
알에프텍,61040.KQ
알엔투테크놀로지,148250.KQ
액토즈소프트,52790.KQ
앱클론,174900.KQ
에스아이리소스,65420.KQ
에스앤에스텍,101490.KQ
에스제이그룹,306040.KQ
에이럭스,475580.KQ
에이루트,96690.KQ
에이치브이엠,295310.KQ
에이테크솔루션,71670.KQ
에이텍모빌리티,224110.KQ
에코바이오,38870.KQ
에코아이,448280.KQ
엔에이치스팩26호,439410.KQ
엔에이치스팩29호,451700.KQ
엔피디,198080.KQ
엘케이켐,489500.KQ
엠에스씨,9780.KQ
엣지파운드리,105550.KQ
오리엔트정공,65500.KQ
오성첨단소재,52420.KQ
오픈베이스,49480.KQ
온코닉테라퓨틱스,476060.KQ
옵티시스,109080.KQ
와이랩,432430.KQ
우리기술투자,41190.KQ
우리넷,115440.KQ
우리산업,215360.KQ
원익,32940.KQ
위세아이텍,65370.KQ
위지윅스튜디오,299900.KQ
윙입푸드,900340.KQ
유니트론텍,142210.KQ
유비쿼스,264450.KQ
유안타제14호스팩,450940.KQ
이니텍,53350.KQ
이루온,65440.KQ
이상네트웍스,80010.KQ
이스트소프트,47560.KQ
인바디,41830.KQ
인텔리안테크,189300.KQ
인트론바이오,48530.KQ
일신바이오,68330.KQ
잉글우드랩,950140.KQ
자연과환경,43910.KQ
자이글,234920.KQ
제너셈,217190.KQ
제노레이,122310.KQ
제닉스,381620.KQ
제이씨케미칼,137950.KQ
제이오,418550.KQ
제주맥주,276730.KQ
중앙백신,72020.KQ
지노믹트리,228760.KQ
참좋은여행,94850.KQ
초록뱀미디어,47820.KQ
칩스앤미디어,94360.KQ
캠시스,50110.KQ
컴투스,78340.KQ
케이바이오,38530.KQ
코오롱생명과학,102940.KQ
코오롱티슈진,950160.KQ
코콤,15710.KQ
퀀텀온,227100.KQ
큐라티스,348080.KQ
큐로셀,372320.KQ
큐에스아이,66310.KQ
클로봇,466100.KQ
키네마스터,139670.KQ
타이거일렉,219130.KQ
탑머티리얼,360070.KQ
티쓰리,204610.KQ
팅크웨어,84730.KQ
팬스타엔터프라이즈,54300.KQ
팸텍,271830.KQ
푸드웰,5670.KQ
푸른기술,94940.KQ
프로텍,53610.KQ
플루토스,19570.KQ
플리토,300080.KQ
피엔케이피부임상연구센타,347740.KQ
피제이전자,6140.KQ
핀텔,291810.KQ
하나29호스팩,454640.KQ
하나34호스팩,484130.KQ
하이록코리아,13030.KQ
하이비젼시스템,126700.KQ
하이텍팜,106190.KQ
한국정밀기계,101680.KQ
한양디지텍,78350.KQ
한울반도체,320000.KQ
한컴위드,54920.KQ
한탑,2680.KQ
해성산업,34810.KQ
핸디소프트,220180.KQ
헥토이노베이션,214180.KQ
현대ADM,187660.KQ
현대에이치티,39010.KQ
힘스,238490.KQ
AP헬스케어,109960.KQ
CBI,13720.KQ
CJ 바이오사이언스,311690.KQ
CNH,23460.KQ
DGP,60900.KQ
HLB테라퓨틱스,115450.KQ
ISC,95340.KQ
KB오토시스,24120.KQ
KH 건설,226360.KQ
KX,122450.KQ
LB인베스트먼트,309960.KQ
LS증권,78020.KQ
NHN벅스,104200.KQ
SBI인베스트먼트,19550.KQ
강원에너지,114190.KQ
고스트스튜디오,950190.KQ
공구우먼,366030.KQ
그리티,204020.KQ
그린생명과학,114450.KQ
글로벌텍스프리,204620.KQ
금강철강,53260.KQ
나노브릭,286750.KQ
나노신소재,121600.KQ
나라엠앤디,51490.KQ
나무가,190510.KQ
나인테크,267320.KQ
네패스아크,330860.KQ
넥스틴,348210.KQ
넥슨게임즈,225570.KQ
다보링크,340360.KQ
대명소노시즌,7720.KQ
대산F&B,65150.KQ
대성창투,27830.KQ
대신밸런스제15호스팩,457390.KQ
대정화금,120240.KQ
동국산업,5160.KQ
동방선기,99410.KQ
동아화성,41930.KQ
동원개발,13120.KQ
드림인사이트,362990.KQ
디비금융제13호스팩,489730.KQ
디앤씨미디어,263720.KQ
디에이치엑스컴퍼니,31860.KQ
디와이씨,310870.KQ
라파스,214260.KQ
레드캡투어,38390.KQ
레뷰코퍼레이션,443250.KQ
루닛,328130.KQ
루멘스,38060.KQ
루미르,474170.KQ
리노공업,58470.KQ
리드코프,12700.KQ
리파인,377450.KQ
린드먼아시아,277070.KQ
마녀공장,439090.KQ
마니커에프앤지,195500.KQ
마크로젠,38290.KQ
멀티캠퍼스,67280.KQ
메가스터디교육,215200.KQ
메디앙스,14100.KQ
메디포스트,78160.KQ
메지온,140410.KQ
모델솔루션,417970.KQ
모비릭스,348030.KQ
모코엠시스,333050.KQ
미래에셋벤처투자,100790.KQ
미투온,201490.KQ
민테크,452200.KQ
바이넥스,53030.KQ
바이오스마트,38460.KQ
범한퓨얼셀,382900.KQ
브이엠,89970.KQ
비비씨,318410.KQ
비씨월드제약,200780.KQ
비엘팜텍,65170.KQ
비츠로테크,42370.KQ
비트맥스,377030.KQ
사이냅소프트,466410.KQ
삼목에스폼,18310.KQ
상신전자,263810.KQ
서한,11370.KQ
성우테크론,45300.KQ
세종텔레콤,36630.KQ
세진티에스,67770.KQ
세코닉스,53450.KQ
세토피아,222810.KQ
셀리드,299660.KQ
솔본,35610.KQ
솔트웨어,328380.KQ
쇼박스,86980.KQ
스튜디오드래곤,253450.KQ
스피어,347700.KQ
시큐센,232830.KQ
신한제11호스팩,452980.KQ
쏠리드,50890.KQ
씨메스,475400.KQ
씨유박스,340810.KQ
아시아경제,127710.KQ
아이에이,38880.KQ
아이윈플러스,123010.KQ
아이지넷,462980.KQ
아이텍,119830.KQ
아이톡시,52770.KQ
아이티아이즈,372800.KQ
아이티엠반도체,84850.KQ
아주IB투자,27360.KQ
아즈텍WB,32080.KQ
아진엑스텍,59120.KQ
안트로젠,65660.KQ
에스디생명공학,217480.KQ
에스씨디,42110.KQ
에스에이엠티,31330.KQ
에스엘에스바이오,246250.KQ
에스엠,41510.KQ
에스와이스틸텍,365330.KQ
에스유앤피,19590.KQ
에스트래픽,234300.KQ
에스티아이,39440.KQ
에어레인,163280.KQ
에이비온,203400.KQ
에이스토리,241840.KQ
에이치엔에스하이텍,44990.KQ
에코볼트,97780.KQ
에코프로비엠,247540.KQ
에코프로에이치엔,383310.KQ
엑사이엔씨,54940.KQ
엔에이치스팩30호,466910.KQ
엔에프씨,265740.KQ
엔젤로보틱스,455900.KQ
엔피,291230.KQ
엔피케이,48830.KQ
엘디티,96870.KQ
엘앤케이바이오,156100.KQ
엠오티,413390.KQ
엠젠솔루션,32790.KQ
엠투아이,347890.KQ
영림원소프트랩,60850.KQ
예선테크,250930.KQ
오디텍,80520.KQ
오스템,31510.KQ
오이솔루션,138080.KQ
와이즈넛,96250.KQ
와이지-원,19210.KQ
우리기술,32820.KQ
우리엔터프라이즈,37400.KQ
우주일렉트로,65680.KQ
원바이오젠,307280.KQ
원익홀딩스,30530.KQ
원풍,8370.KQ
웰크론,65950.KQ
웹스,196700.KQ
위메이드맥스,101730.KQ
유니슨,18000.KQ
유안타제11호스팩,444920.KQ
유일에너테크,340930.KQ
이노스페이스,462350.KQ
이노진,344860.KQ
이스트에이드,239340.KQ
이에이트,418620.KQ
이지케어텍,99750.KQ
인터플렉스,51370.KQ
인포뱅크,39290.KQ
일진파워,94820.KQ
제이브이엠,54950.KQ
제이아이테크,417500.KQ
제이엔비,452160.KQ
제이엠아이,33050.KQ
제이티,89790.KQ
제일테크노스,38010.KQ
제주반도체,80220.KQ
중앙첨단소재,51980.KQ
지니언스,263860.KQ
지니틱스,303030.KQ
지앤비에스 에코,382800.KQ
지엔코,65060.KQ
카이노스메드,284620.KQ
케어랩스,263700.KQ
케이디켐,221980.KQ
케이에스피,73010.KQ
케이엠제약,225430.KQ
코미팜,41960.KQ
코아시아씨엠,196450.KQ
코위버,56360.KQ
코퍼스코리아,322780.KQ
큐알티,405100.KQ
크리스에프앤씨,110790.KQ
탑코미디어,134580.KQ
트윔,290090.KQ
특수건설,26150.KQ
티엔엔터테인먼트,131100.KQ
파인메딕스,387570.KQ
판타지오,32800.KQ
포메탈,119500.KQ
폰드그룹,472850.KQ
폴라리스우노,114630.KQ
푸른저축은행,7330.KQ
퓨릿,445180.KQ
퓨처코어,151910.KQ
피노,33790.KQ
피엔티,137400.KQ
피제이메탈,128660.KQ
필옵틱스,161580.KQ
핑거,163730.KQ
한국전자금융,63570.KQ
한국정보인증,53300.KQ
한국제13호스팩,464440.KQ
한국제14호스팩,477530.KQ
한국컴퓨터,54040.KQ
한국피아이엠,448900.KQ
한글과컴퓨터,30520.KQ
한솔아이원스,114810.KQ
한스바이오메드,42520.KQ
한일화학,7770.KQ
한화플러스제5호스팩,498390.KQ
헥토파이낸셜,234340.KQ
현대공업,170030.KQ
현대바이오랜드,52260.KQ
형지I&C,11080.KQ
휴비츠,65510.KQ
희림,37440.KQ
AP위성,211270.KQ
BF랩스,139050.KQ
BGF에코머티리얼즈,126600.KQ
CMG제약,58820.KQ
DSC인베스트먼트,241520.KQ
DXVX,180400.KQ
HB솔루션,297890.KQ
IBKS제22호스팩,448760.KQ
KBI메탈,24840.KQ
KB제28호스팩,476470.KQ
KB제31호스팩,492220.KQ
KG이니시스,35600.KQ
LS머트리얼즈,417200.KQ
NHN KCP,60250.KQ
SGC E&C,16250.KQ
SK증권제12호스팩,473000.KQ
SK증권제9호스팩,455910.KQ
TJ미디어,32540.KQ
경남제약,53950.KQ
고려제약,14570.KQ
골프존,215000.KQ
광진실업,26910.KQ
교보14호스팩,456490.KQ
교보16호스팩,482520.KQ
국순당,43650.KQ
국일제지,78130.KQ
글로본,19660.KQ
나노,187790.KQ
나노씨엠에스,247660.KQ
나래나노텍,137080.KQ
나무기술,242040.KQ
나이벡,138610.KQ
네오위즈,95660.KQ
네오크레마,311390.KQ
넥스턴바이오,89140.KQ
넥스트칩,396270.KQ
노바렉스,194700.KQ
뉴로메카,348340.KQ
뉴파워프라즈마,144960.KQ
다날,64260.KQ
다우데이타,32190.KQ
대림제지,17650.KQ
대신밸런스제16호스팩,457630.KQ
대신밸런스제17호스팩,471050.KQ
대아티아이,45390.KQ
대원,7680.KQ
대주전자재료,78600.KQ
대창솔루션,96350.KQ
더테크놀로지,43090.KQ
동양파일,228340.KQ
동일기연,32960.KQ
동일스틸럭스,23790.KQ
듀오백,73190.KQ
디모아,16670.KQ
디아이티,110990.KQ
디어유,376300.KQ
디에이피,66900.KQ
디엔에프,92070.KQ
디지털대성,68930.KQ
디케이앤디,263020.KQ
레이저옵텍,199550.KQ
로보로보,215100.KQ
로스웰,900260.KQ
로지시스,67730.KQ
리튬포어스,73570.KQ
링크제니시스,219420.KQ
매일유업,267980.KQ
메가스터디,72870.KQ
메가엠디,133750.KQ
메쎄이상,408920.KQ
모비스,250060.KQ
모아라이프플러스,142760.KQ
모트렉스,118990.KQ
모티브링크,463480.KQ
무림SP,1810.KQ
미디어젠,279600.KQ
미래생명자원,218150.KQ
미래에셋비전스팩2호,446190.KQ
미래에셋비전스팩3호,448830.KQ
미래에셋비전스팩4호,477380.KQ
박셀바이오,323990.KQ
버킷스튜디오,66410.KQ
보광산업,225530.KQ
보라티알,250000.KQ
비투엔,307870.KQ
비트컴퓨터,32850.KQ
삐아,451250.KQ
삼성스팩9호,468510.KQ
삼영엠텍,54540.KQ
삼일기업공사,2290.KQ
삼지전자,37460.KQ
삼화네트웍스,46390.KQ
상보,27580.KQ
서울옥션,63170.KQ
서호전기,65710.KQ
선샤인푸드,217620.KQ
세니젠,188260.KQ
셀트리온제약,68760.KQ
셀피글로벌,68940.KQ
손오공,66910.KQ
솔브레인,357780.KQ
슈프리마에이치큐,94840.KQ
신라섬유,1000.KQ
신영스팩10호,472220.KQ
쓰리에이로직스,177900.KQ
씨아이에스,222080.KQ
씨엑스아이,900120.KQ
씨티씨바이오,60590.KQ
아모그린텍,125210.KQ
아스플로,159010.KQ
아이빔테크놀로지,460470.KQ
아이엠티,451220.KQ
아이컴포넌트,59100.KQ
아이크래프트,52460.KQ
알체라,347860.KQ
알테오젠,196170.KQ
알파홀딩스,117670.KQ
압타머사이언스,291650.KQ
얼라인드,238120.KQ
에브리봇,270660.KQ
에스비비테크,389500.KQ
에스에프에이,56190.KQ
에스티팜,237690.KQ
에이치엠씨제6호스팩,462020.KQ
에이팩트,200470.KQ
에코앤드림,101360.KQ
에코플라스틱,38110.KQ
에프알텍,73540.KQ
엑스큐어,70300.KQ
엔브이에이치코리아,67570.KQ
엔에스이엔엠,78860.KQ
엘엠에스,73110.KQ
엠에프씨,432980.KQ
엠플러스,259630.KQ
예스티,122640.KQ
오로라,39830.KQ
오름테라퓨틱,475830.KQ
오브젠,417860.KQ
오상자이엘,53980.KQ
오킨스전자,80580.KQ
올리패스,244460.KQ
옴니시스템,57540.KQ
옵티팜,153710.KQ
와이엠티,251370.KQ
와이팜,332570.KQ
원익큐브,14190.KQ
원익피앤이,217820.KQ
웰크론한텍,76080.KQ
웹케시,53580.KQ
위메이드플레이,123420.KQ
위지트,36090.KQ
윈팩,97800.KQ
유라테크,48430.KQ
유비온,84440.KQ
유비쿼스홀딩스,78070.KQ
유신,54930.KQ
유진스팩9호,442130.KQ
이노뎁,303530.KQ
이녹스,88390.KQ
이오플로우,294090.KQ
이원컴포텍,88290.KQ
이화전기,24810.KQ
인베니아,79950.KQ
인지디스플레,37330.KQ
인카금융서비스,211050.KQ
인터로조,119610.KQ
일지테크,19540.KQ
자이언트스텝,289220.KQ
저스템,417840.KQ
제이엠티,94970.KQ
제이투케이바이오,420570.KQ
조아제약,34940.KQ
지니뮤직,43610.KQ
지아이이노베이션,358570.KQ
지엔씨에너지,119850.KQ
진매트릭스,109820.KQ
천보,278280.KQ
카카오게임즈,293490.KQ
캐스텍코리아,71850.KQ
캔버스엔,210120.KQ
컬러레이,900310.KQ
케이씨티,89150.KQ
케이씨피드,25880.KQ
케이아이엔엑스,93320.KQ
케이알엠,93640.KQ
케이엠,83550.KQ
케이엠더블유,32500.KQ
케이웨더,68100.KQ
케이티알파,36030.KQ
코나아이,52400.KQ
코셈,360350.KQ
코스나인,82660.KQ
크레버스,96240.KQ
태성,323280.KQ
테스,95610.KQ
텔콘RF제약,200230.KQ
티앤엘,340570.KQ
티엘비,356860.KQ
티피씨글로벌,130740.KQ
파인엠텍,441270.KQ
파크시스템스,140860.KQ
펌텍코리아,251970.KQ
펨트론,168360.KQ
펩트론,87010.KQ
폴라리스AI파마,41910.KQ
프로티아,303360.KQ
플레이위드,23770.KQ
피델릭스,32580.KQ
하나30호스팩,469880.KQ
하나머티리얼즈,166090.KQ
하림,136480.KQ
하림지주,3380.KQ
하이퍼코퍼레이션,65650.KQ
한국기업평가,34950.KQ
한국정보공학,39740.KQ
한국정보통신,25770.KQ
한국첨단소재,62970.KQ
한국캐피탈,23760.KQ
한국큐빅,21650.KQ
한라IMS,92460.KQ
한송네오텍,226440.KQ
한일단조,24740.KQ
한화플러스제4호스팩,455310.KQ
헬릭스미스,84990.KQ
현대무벡스,319400.KQ
현대바이오,48410.KQ
휴맥스홀딩스,28080.KQ
흥국에프엔비,189980.KQ
