title,urls,desc,article
"두개골에 총알 박혀 고통받던 18세 여성, 4개월 만에 제거 수술",https://n.news.naver.com/mnews/article/020/0003620996,"《전쟁이 한창이던 작년 10월, 가자지구 난민캠프에 있던 18세 여성이 이스라엘군 드론에 장착된 소총의 공격을 받아 오른쪽 눈 뒤쪽 두개골에 총알이 박혔다. 거의 폐허가 된 가자지구의 병원은 총알을 제거할 능력이 없","




사라 알 -아와디 제공.《전쟁이 한창이던 작년 10월, 가자지구 난민캠프에 있던 18세 여성이 이스라엘군 드론에 장착된 소총의 공격을 받아 오른쪽 눈 뒤쪽 두개골에 총알이 박혔다. 거의 폐허가 된 가자지구의 병원은 총알을 제거할 능력이 없었다. 영구히 시력을 잃을 위험이 점점 커졌다. 천신만고 끝에 휴전과 국제사회의 도움으로 4개월 만에 머릿속에 박혀있던 총알을 제거하고 어느 정도 시력을 회복한 이 여성의 사연을 미국 CBS 뉴스가 보도했다. 이를 소개한다.》 사라 알 -아와디(Sarah al-Awady)는 2024년 10월 22일 새벽, 팔레스타인 가자지구 중앙의 한 난민 캠프에 있는 가족의 텐트 안에서 이스라엘 무인기(드론)에 장착된 소총에서 발사된 총알에 머리를 맞았다고 말했다.“갑자기 머리에 쇠막대기 같은 것에 맞은 것 같은 통증이 왔어요.” 18세 가자 주민이 미국 CBS 뉴스에 말했다. 공포에 질린 가족은 그녀를 업고 인근 병원으로 급히 달려갔다.



이스라엘의 군사용 드론. 사진=게티이미지코리아.이스라엘 군은 민간인을 수용한 난민 캠프에서 드론의 공격으로 총상을 입었다는 소녀의 주장을 확인해달라는 CBS의 요청에 보안상의 이유로 정보를 제공할 수 없다고 밝혔다.2023년 10월 7일 하마스의 테러 공격으로 가자지구에서 전쟁이 발발한 지 1년여가 지난 그곳엔 모든 것이 부족했다. 의사들은 열악한 환경에서도 최선을 다했다. 그들은 총알이 알-아와디의 오른쪽 눈 뒤쪽 두개골에 박혀 있다는 것을 확인했다. 하지만 제거할 능력이 없었다.그녀는 가자지구 의사들로부터 더는 해줄 게 없다는 절망적인 말을 들었다. 하지만 병원에 머물기를 고집하며 희망을 버리지 않았다. 병원에 있는 것이 상처 입은 눈을 보호할 수 있는 최소한의 방법이라고 생각했다.그녀는 머리의 극심한 통증을 이겨내기 위해 진통제에 의지했다. 하지만 캄캄한 앞길을 밝혀줄 빛은 보이지 않았다. 11월 초, 알-아와디는 가자지구 남부에 있는 유럽 병원(European Hospital)을 방문한 자원봉사 의료팀에게 진찰을 받았다. 한 이집트인 의사는 베테랑 안과 전문의인 자신의 아버지에게 알-아와디의 눈을 치료할 방법이 있을지 의학적 의견을 구했다. 그의 아버지는 매일 그녀의 상태를 확인하며 도울 방법을 찾았다. 하지만 이집트에서 가자 지구로 갈 방법이 없었다.안과 의사의 아들은 이집트로 돌아갔다. 희망의 끈을 놓지 않으려 꽉 쥐고 있던 알-아와디의 손이 조금씩 풀리기 시작했다. 오른쪽 눈의 시력을 영구히 잃을 수도 있다는 두려움이 점점 커졌다.알-아와다의 머리에 총알이 박힌 지 약 3개월 후, 이스라엘과 하마스의 휴전 협정 합의 소식이 전해지면서 마침내 돌파구가 열렸다.



가자지구, 사진=게티이미지코리아.협정은 2024년 1월19일 발효되었다. 알-아와디는 도시 곳곳이 무너진 가자 북부에 있는 가족의 집으로 돌아갔다.다행히 그녀의 집은 폭격에서 살아남아 있었다.집으로 돌아온 지 일주일 후인 2월 8일 저녁, 세계보건기구(WHO)에서 전화가 왔다. 다음날 이집트로 떠나게 됐다는 가슴 벅찬 소식이었다.“전기가 없어서 촛불을 켜고 짐을 챙겼어요.”그녀는 어머니와 함께 다음날 이집트에 도착했다. 이집트 지중해 연안 도시 포트사이드에 머물던 그녀는 이집트인 안과 의사 무함마드 타우픽 박사가 근무하는 병원이 있는 알샤르키아 주로 옮겼다. 자원봉사 의료팀의 일원으로 가자 병원을 방문한 아들이 의학적 조언을 구했던 바로 그 안과 의사였다.안과, 신경외과, 영상의학과 의사들이 팀을 이뤄 알-아와디의 시신경 바로 옆에 몇 달 동안 박혀있는 총알을 제거할 가장 좋은 방법에 관해 논의했다.의료진은 시신경을 피해 총알을 제거할 수 있는 최적의 경로를 찾기 위해 가상 모의 수술을 수 차례 반복했다.“총알은 환자에겐 가장 좋은 위치에 박혔지만 의료진에겐 최악인 곳에 있었다”라고 한 의사가 말했다. “어느 방향으로든 총알이 1mm만 움직였더라도 치명적인 피해를 피하지 못 했을 것”이라고 그는 부연했다.의사들은 알-아와디의 뇌 손상을 피하기 위해 눈구멍을 통해 총알에 도달하는 게 최선의 선택이라는 데 동의했다.타우픽 박사는 그녀에게 성공 확률은 50%이고 내부 출혈 위험이 있으며 시력이 심하게 손상되거나 완전히 잃을 수도 있다고 직접 설명해 줬다.“저는 울었어요, 너무너무 무서웠지만 신께 기도를 하고 위험을 감수했습니다”라고 알-아와디가 말했다.그녀는 의료진의 세심한 배려 덕에 안정된 심리 상태로 수술실에 들어갔다.수술은 지난 주 이뤄졌다. 고난도 수술이었지만 비교적 성공적으로 끝났다.



사라 알 -아와디 제공.타우픽 박사는 그녀의 뇌에 박힌 총알이 시간이 지나면서 녹슬어 감염과 농양(고름)이 생긴 상태였다고 설명했다. “3시간 후 눈을 떠 보니 신께 감사하게도 모든 게 잘 됐다고 하더라고요. 다시 울기 시작했어요.”총알을 제거했지만 아직 완전히 위험에서 벗어난 것은 아니다.“그녀는 매우 안정적이며 약을 먹고 나아지고 있다. 목표는 첫째, 감염으로 인한 고통을 끝내는 것이고, 둘째 그녀의 현재 시력을 유지하는 것이다. 망막 박리를 치료한 후에 그녀의 시력이 좋아지기를 바란다”라고 타우픽 박사가 말했다.망막 박리는 망막이 안구 내벽으로부터 떨어져 뜨게 되는 질환이다. 망막이 뜨면 망막에 영양이 공급되지 않아 시세포의 기능이 점차 떨어진다. 이러한 상태가 계속되면 망막이 영구적으로 위축되어 실명할 수 있다.



사라 알 -아와디 제공.4개월 만에 총알을 빼냈지만 그녀의 시력이 사고 전 수준으로 되돌아갈 순 없다. 하지만 이 정도 회복한 것도 기적에 가깝다.그녀는 머릿속에 4개월 동안 박혀 있던 녹슨 총알을 “액자에 담아 보관할까 생각 중”이라고 말했다.
"
"한화오션, 미 해군 함정 MRO 첫 성공…방산 신시장 개척",https://n.news.naver.com/mnews/article/092/0002366551,한화오션이 대한민국 조선업계의 새로운 이정표를 세웠다. 한화오션은 13일 국내 최초로 수주한 미국 해군 함정 유지보수 및 정비(MRO) 사업인 미 해군 군수지원함 ‘월리 쉬라’호가 정비를 마치고 출항했다고 밝혔다. ,"
""사업 6개월 만에 완료하며 글로벌 경쟁력 입증""…아시아·중동·유럽 확대 노려한화오션이 대한민국 조선업계의 새로운 이정표를 세웠다.한화오션은 13일 국내 최초로 수주한 미국 해군 함정 유지보수 및 정비(MRO) 사업인 미 해군 군수지원함 ‘월리 쉬라’호가 정비를 마치고 출항했다고 밝혔다.한화오션 거제사업장에서 약 6개월간 진행된 월리 쉬라의 MRO 작업은 선체 및 기관 유지보수, 주요 장비 점검 및 교체, 시스템 업그레이드 등 전반적인 정비 작업이 포함됐다. 한화오션은 미 해군의 높은 기술적 요구사항을 충족시키며, 정비 품질과 효율성 면에서 최상의 성과를 입증했다고 설명했다.한화오션은 정비 과정에서 자체 기술력을 이용해 추가 수익을 창출하기도 했다. 특히 초기 계약 시 인지하지 못한 함정의 새로운 정비 소요를 확인해 기존 계약보다 대폭 증가한 매출을 보장하는 수정 계약을 맺고, 계약 기간도 연장한 것이다. 추가 솔루션 제시와 문제 해결 능력은 미 해군의 신뢰를 더욱 굳건히 하는 계기가 됐다는 것이 회사 측의 설명이다.



월리 쉬라’호의 정비 후(위)와 정비 전 모습 (영상=한화오션)한화오션은 지난해 7월 미 해군 함정 정비 협약(MSRA)을 체결한 이후, 한 달 뒤 첫 번째 프로젝트로 월리 쉬라의 창정비를 수주하며 본격적으로 미 해군 MRO 시장에 진출했다. 이후 11월에는 미 해군 7함대 소속 급유함 ‘유콘’호의 정기 수리 사업도 연이어 수주하는 데 성공했다.한화오션은 이번 MRO 사업 수행 과정에서 국내 조선업계 및 지역 협력업체들과의 협업을 통해 산업 생태계 발전에도 기여했다. 특히 두 번째로 수주한 유콘의 경우 거제 지역 내 중소 조선업체와 협력해 정비 작업을 진행하며 지역 경제 활성화에도 긍정적인 영향을 미쳤다.한화오션은 이번 사업을 통해 국내 조선산업 정비 기술력이 글로벌 수준에서도 충분히 경쟁력을 갖추고 있다는 것을 확인했으며, 앞으로도 국내 협력업체들과 동반 성장할 수 있는 모델을 지속적으로 구축해 나갈 예정이다.최근 미국은 인도·태평양 지역에서 함정 유지보수 역량을 강화하기 위해 우방국 조선소와 협력을 확대하고 있다. 이에 따라 한화오션이 미 해군 함정 정비를 성공적으로 수행한 것은 단순한 개별 프로젝트를 넘어, 한국이 글로벌 해군 MRO 시장에서 전략적 요충지로 자리 잡는 계기가 될 전망이다. 또한 한화오션은 이번 사업을 기반으로 미국은 물론 아시아, 중동, 유럽과 북미 지역으로 글로벌 MRO 사업을 확대할 계획이다.전 세계 해군 MRO 시장은 약 80억 달러 규모로 지속 성장하고 있다. 한화오션은 올해 5~6척의 미 해군 함정 MRO 사업 수주 목표를 가지고 있으며 해외 MRO 사업을 더욱 확대해 나갈 예정이다.미 해군 해상 수송 사령부 패트릭 무어 한국 파견 대장은 “한화오션 임직원들과 월리 쉬라호 승조원들의 수개월 동안 헌신적인 노력으로 이번 프로젝트를 성공적으로 마무리했다”며 “이는 한미 양국 간 긴밀한 협력 관계를 보여주는 증거며, 향후에도 이러한 협력관계를 더욱 강화할 수 있는 많은 기회가 있을 것으로 기대된다”고 말했다.한화오션 특수선MRO사업TFT 김대식 상무는 “이번 MRO 사업 성공을 통해 한국 조선업의 기술력과 신뢰성을 다시 한번 세계에 입증했다”며 “앞으로도 한미 해군 협력을 더욱 강화하고, 글로벌 해군 MRO 시장에서 새로운 기회를 창출할 것”이라고 밝혔다.
"
"라온시큐어 블록체인 기반 모바일 주민등록증, 발급 전국 확대",https://n.news.naver.com/mnews/article/421/0008128566,"라온시큐어(042510)는 자사 블록체인 기술이 적용된 '모바일 주민등록증' 발급이 이달 전국으로 확대된다고 13일 밝혔다. 행정안전부는 지난해 12월 말 모바일 주민등록증을 시범 운영했으며, 지난달 14일부터 순차","
행안부 사업 수주…이달 28일 전국 어디서든 신청 가능



모바일 주민등록증(라온시큐어 제공)(서울=뉴스1) 윤주영 기자 = 라온시큐어(042510)는 자사 블록체인 기술이 적용된 '모바일 주민등록증' 발급이 이달 전국으로 확대된다고 13일 밝혔다.행정안전부는 지난해 12월 말 모바일 주민등록증을 시범 운영했으며, 지난달 14일부터 순차적으로 발급을 확대해 나갔다. 이달 14일부터는 서울, 부산, 광주 주민센터에서도 모바일 주민등록증을 신청할 수 있으며, 이달 28일부터는 주소지 상관없이 모든 주민센터 및 온라인(정부24)에서도 신청이 가능하다.회사는 행안부의 블록체인 기반 모바일 주민등록증 발급 시스템을 구축하기 위해 한국조폐공사가 발주한 '모바일 신분증 구축 및 확대 용역' 사업을 수주했다. 발급 시스템 개발에 블록체인 분산 신원인증(DID) 플랫폼 '옴니원 엔터프라이즈'와 자사 모바일 보안 설루션들을 공급했다.올해 1월부터 발급이 시작된 모바일 외국인등록증 발급 시스템도 회사의 DID 플랫폼을 기반으로 한다.라온시큐어 기술로 구축된 모바일 신분증 발급자는 400만명 이상이다. 이번 발급 확대로 이용자가 급증할 것으로 기대된다.모바일 운전면허증과 모바일 국가보훈등록증에도 적용된 옴니원 엔터프라이즈는 생체 인증(FIDO)과 분산 서버 노드로 구현했다. 블록체인의 '합의 알고리즘'으로 위·변조를 방지하고 '영지식증명' 기술로 필요한 정보만 선택적으로 제공할 수 있다.모바일 주민등록증은 관공서·은행·공항·병원·편의점·선거 등 현행 주민등록증이 사용되는 모든 곳에서 사용할 수 있다. 이미 15개 은행과도 시스템 연계가 완료됐다. 창구 또는 모바일 뱅킹 애플리케이션(앱)에서 계좌개설, 이체 한도 상향, 계좌 비밀번호 변경 등 업무 처리 시 사용 가능하다.모바일 주민등록증은 본인 명의 1개 스마트폰에서만 발급받을 수 있다. 발급 시 주민센터 방문 및 신원확인, 생체인증, 스마트폰에 IC칩이 내장된 실물 주민등록증 접촉 등을 요구해 신뢰성을 높였다.스마트폰을 분실 신고 시 통신사와 연동해 발급된 모바일 주민등록증을 잠금 처리, 사용 불가능하게 할 수 있다.
		"
"워크데이, AI 에이전트 통합 관리하는 솔루션 출시...“새로운 인사관리 시대 열겠다”",https://n.news.naver.com/mnews/article/009/0005458191,‘에이전트 시스템 오브 레코드’ 서비스 출시 인사 업무 돕는 타사 에이전트도 함께 관리해 데이터 접근·비용 최적화 등 통합 제어 글로벌 인적자원(HR) 관리 플랫폼을 제공하는 워크데이가 자사의 인공지능(AI) 에이전,"
‘에이전트 시스템 오브 레코드’ 서비스 출시인사 업무 돕는 타사 에이전트도 함께 관리해데이터 접근·비용 최적화 등 통합 제어



 정응섭 워크데이코리아 지사장이 12일 서울 강남구 워크데이코리아 사무실에서 기자간담회를 열고 워크데이의 AI 에이전트 기술을 소개하고 있다. [사진 = 정호준 기자]글로벌 인적자원(HR) 관리 플랫폼을 제공하는 워크데이가 자사의 인공지능(AI) 에이전트와 함께 타사 에이전트도 함께 관리할 수 있는 새로운 솔루션을 내놨다.AI가 업무를 보조하는 수준을 넘어 한명의 동료처럼 일하는 에이전트 시대가 오면서, 기업들이 에이전트를 최적화해 활용할 수 있도록 한다는 목표다.정응섭 워크데이코리아 지사장은 지난 12일 서울 강남구 워크데이코리아 사무실에서 “이제는 사람이 시키지 않아도 사람처럼 의사결정을 하고 행동하는 에이전트의 시대가 됐다”라며 워크데이가 새로 선보인 ‘워크데이 에이전트 시스템 오브 레코드’ 기술을 소개했다.워크데이는 HR에 특화된 솔루션을 제공해 전 세계 1만500개 이상의 고객사, 사용자 7000만명을 확보한 기업이다. 국내에서도 삼성전자, 대한항공 등 굵직한 기업들을 고객으로 두고 있으며, 올해 금융권 고객도 새롭게 추가될 예정이다.워크데이가 이번에 선보인 ‘워크데이 에이전트 시스템 오브 레코드’는 기업들이 인사 업무에 활용하는 AI 에이전트를 하나의 시스템으로 관리할 수 있도록 하는 서비스다.새로운 AI 에이전트를 도입할 경우 에이전트별로 역할과 책임을 정의하고, 예산을 책정하거나 예측하며, 사내 규정을 준수할 수 있도록 하는 기능을 제공한다. 에이전트별로 사내 데이터에 접근할 수 있는 권한 수준을 설정하고, 모든 에이전트의 활동을 실시간으로 관제할 수 있는 특징이 있다.워크데이는 지난해 채용 에이전트, 사내 인력 관리 등 HR에 특화된 에이전트 기능들을 출시한 바 있다. 가령 채용 에이전트의 경우, 필요한 직무에 따라 모집 공고를 AI가 대신 작성해주고, 접수된 지원서를 자체 분석해 지원자별로 조직과의 적합도를 자동으로 평가해준다.‘워크데이 에이전트 시스템 오브 레코드’에서는 이러한 워크데이의 AI 에이전트뿐만 아니라 세일즈포스 등 기업들이 사용하고 싶은 외부 에이전트도 가져와서 관리할 수 있다.워크데이는 이와 함께 계약 에이전트, 급여 에이전트, 재무 감사 에이전트, 정책 에이전트 등 4종의 신규 에이전트 기능도 발표했다.정응섭 지사장은 “워크데이는 수천만 명의 데이터를 보유하고 있고, 이것이 AI와 결합될 때 엄청난 시너지 효과를 낼 것”이라고 밝혔다.
"
"네이버 D2SF, 게임 제작 AI 스타트업 ‘앵커노드’에 신규 투자",https://n.news.naver.com/mnews/article/009/0005458190,"앵커노드, 게임 제작 AI 자동화 솔루션 개발 기업 자체 게임도 4개 출시…제작 비용 95% 절감 네이버 D2SF가 생성형 인공지능(AI) 기반으로 게임 제작 솔루션을 개발 중인 스타트업 ‘앵커노드’에 신규 투자했다","
앵커노드, 게임 제작 AI 자동화 솔루션 개발 기업자체 게임도 4개 출시…제작 비용 95% 절감



 [사진 = 네이버 D2SF]네이버 D2SF가 생성형 인공지능(AI) 기반으로 게임 제작 솔루션을 개발 중인 스타트업 ‘앵커노드’에 신규 투자했다고 13일 밝혔다.앵커노드의 게임 제작 AI 솔루션 ‘게임에이아이파이’(GameAIfy)는 캐릭터 컨셉만 있으면 이미지, 모션, 배경 등 게임의 아트워크를 AI가 자동 생성함으로써, 게임 제작 과정을 효율화한다. 게임 아트워크 생성에 최적화한 AI 모델을 토대로, 아트워크 편집·공유, 히스토리 관리 등 게임 제작 및 협업에 필요한 기능을 더한 제품이다.이미 앵커노드는 지식재산권(IP) 보유업체와 협력하여 4종의 자체 게임을 제작·출시해 125만 다운로드 성과를 거둔 바 있다. 제작 효율성의 경우, 기존 대비 게임 제작 기간을 3년에서 1년 이하로 단축하고, 제작 비용은 약 95%를 절감했다. 또한 동일한 설계 구조에서 아트워크만 변경하는 방식으로 단 2주 만에 새로운 게임 타이틀을 론칭해 이용자들의 호응을 얻기도 했다.양상환 네이버 D2SF 센터장은 “게임 제작 과정에서 아트워크는 비용과 시간이 많이 드는 작업이지만, AI가 게임 제작 워크플로우에 녹아들진 못했다”라며 “앵커노드는 게임 산업에 대한 깊은 이해를 갖춘 팀으로, AI를 최적화해 게임 제작 현장을 빠르게 파고들어 성과를 만들어낸 희소성 높은 팀”이라고 말했다. 또한 “게임뿐 아니라, 버추얼 콘텐츠 제작 도구로의 확장성도 기대한다”라고 투자 취지를 밝혔다.한편 네이버 D2SF는 올해 들어 4건의 신규 투자를 잇따라 공개하며, 스타트업 발굴 및 투자에 속도를 내고 있다. 현재 홈페이지를 통해 신규 투자팀을 공개 모집 중이며, 오는 4월에는 대학생 창업팀 맞춤형 성장 프로그램 ‘캠퍼스 기술창업 공모전’도 서류 접수를 시작할 계획이다.
"
"위시컴퍼니 마인드눅, ‘수면의 날’ 맞아 숙면 꿀팁 유튜브 라이브서 푼다",https://n.news.naver.com/mnews/article/092/0002366550,글로벌 뷰티 브랜드·콘텐츠 기업 위시컴퍼니(대표 박성호)의 명상 브랜드 마인드눅은 14일 세계 수면의 날을 맞아 숙면을 위한 특별 콘텐츠를 공식 유튜브 채널에서 라이브로 진행한다고 13일 밝혔다. 세계 수면의 날 기,"
영상 감성 평가 AI 모델을 활용해 분석한 이완 점수 높은 콘텐츠 추려 공개글로벌 뷰티 브랜드·콘텐츠 기업 위시컴퍼니(대표 박성호)의 명상 브랜드 마인드눅은 14일 세계 수면의 날을 맞아 숙면을 위한 특별 콘텐츠를 공식 유튜브 채널에서 라이브로 진행한다고 13일 밝혔다.세계 수면의 날 기념 라이브는 13일 저녁부터 14일까지 24시간 동안 마인드눅 공식 유튜브 채널에서 진행된다. AI 모델을 활용해 대표적인 불면의 원인 3가지를 분석하고, 타입별 숙면에 도움을 주는 맞춤형 콘텐츠를 라이브로 선보일 예정이다.이번에 선보이는 라이브 콘텐츠는 마인드눅이 자체 개발한 영상 감성 평가 AI 모델을 활용해 분석한 결과를 바탕으로, 총 330개의 영상 분석을 통해 집중, 활기, 이완, 편안 등 4개의 주요 감성을 평가 후 실제 비디오와 사운드 감성에서 ‘이완’ 점수가 높은 콘텐츠를 선정했다. 특히 이중 ‘깊은 수면 유도 피아노 플레이리스트’는 시청자로부터 숙면에 도움이 된다는 긍정적인 반응이 다수로, 조회수 500만 이상을 기록하며 AI 모델 분석 효과와 정확도를 입증했다.



마인드눅세계 수면의 날을 맞아 마인드눅은 오는 27일까지 네이버 스마트스토어에서 ‘세계 수면의 날 스페셜 패키지’를 선보인다. 꿀잠 리추얼 패키지는 명상 카드 버전 1과 클레어스 데일리 밸런싱 티를 포함하며, 한정 수량으로 인기 제품 100원 딜 이벤트도 진행될 예정이다.위시컴퍼니 마인드눅 총괄 마한샘 수석 매니저는 “세계 수면의 날을 맞아 진행되는 이번 행사는 숙면에 대한 중요성을 환기하고, 많은 사람에게 건강한 수면 습관 형성에 도움을 주기 위해 기획됐다”며 “마인드눅이 보유한 AI 기술과 콘텐츠를 기반으로 고객이 더 나은 삶을 누릴 수 있는 협업 기회를 확대할 수 있기를 기대한다”고 말했다.마인드눅은 2021년 위시컴퍼니가 포지티브 뷰티 기업 철학을 바탕으로 웰니스 콘텐츠를 통해 명상과 수면을 비롯한 마음건강 서비스를 제공하고자 시작한 브랜드다. ASMR, 화이트노이즈 등 다양한 콘텐츠로 유튜브, 틱톡 등에서 구독자 315만 명을 보유하고 있다. 현재까지 마인드눅이 자체 제작해 제공하고 있는 음원 수는 800여 개, 음원 발매는 470여 곡에 이른다.
"
"카카오 김범수, 건강상 이유로 CA협의체 의장 사임",https://n.news.naver.com/mnews/article/293/0000064814,김범수 카카오 창업자 겸 CA협의체 공동의장이 건강상 이유로 공동의장직을 내려놓는다. 그룹의 미래 전략을 세우는 미래이니셔티브센터장 직책은 계속 수행한다. 이에 따라 카카오 그룹의 CA협의체는 정신아 카카오 대표 단,"




김범수 카카오 창업자 겸 CA협의체 공동의장이 건강상 이유로 의장직을 사임한다. 사진은 2024년 7월18일 김 의장이 주요 계열사 CEO들과 임시 그룹협의회를 개최하는 모습.  /사진=카카오김범수 카카오 창업자 겸 CA협의체 공동의장이 건강상 이유로 공동의장직을 내려놓는다. 그룹의 미래 전략을 세우는 미래이니셔티브센터장 직책은 계속 수행한다. 이에 따라 카카오 그룹의 CA협의체는 정신아 카카오 대표 단독의장 체제로 전환된다.13일 카카오에 따르면 김 의장은 최근 건강 문제를 발견하고 당분간 집중 치료를 받기 위해 이와 같은 결정을 내렸다. 카카오는 정 대표가 지난해부터 그룹 전체의 현안을 주도하기 때문에 김 창업자 사임의 영향은 크지 않을 것이라는 입장이다.또한 김 의장은 2023년 11월부터 한시적으로 운영한 경영쇄신위원회 활동도 마무리한다. 그동안 경영쇄신위원회는 준법과신뢰위원회 신설, 인적 쇄신, 거버넌스 개편 등 그룹 쇄신의 기본 틀을 만들었다. 쇄신의 방향성 및 시스템이 구체화된 만큼 이후 과제는 주요 계열사 최고경영자(CEO)가 참여하는 전략위원회, 책임경영위원회, ESG위원회, 브랜드컴위원회 등이 이어 받아 지속 추진할 예정이다.김 의장은 한동안 경영 일선에서 물러나 있다가 2023년 카카오의 사법리스크, 문어발식 확장을 향한 사회적 비판이 이어지자 복귀했다. 그가 지난해부터 공동의장을 맡은 CA협의체는 카카오 그룹의 구심점 역할을 하는 컨트롤타워다. 김 의장은 CA협의체에서 계열사의 성장을 지원했다. 계열사 각각의 성장을 존중하던 자율 경영 방식을 벗어나 컨트롤타워에서 일관된 방향성을 제시하는 중앙 집중 방식으로 전환한 것이다.하지만 김 의장은 지난해 7월 'SM엔터테인먼트 주가 조작' 혐의로 구속기소됐다. 그 뒤 한 달에 1~2회씩 법정에 출석 중이다. 김 의장은 지난해 10월 보석을 청구하며 글로벌 정보기술(IT) 시장의 경쟁이 격화하는 상황에서 자신의 역할이 중요하다고 강조한 바 있다.카카오 그룹은 정 대표 단독 의장체제로 사업을 지속한다. 특히 포털 '다음' 분사를 논의하는 중이다. 인공지능(AI) 신규 서비스 '카나나' 출시, 오픈AI와의 공동 프로젝트 개발 등 신성장 동력인 AI에 역량을 집중하겠다는 계산이다. 이미 카카오는 2023년 다음을 사내독립기업(CIC)로 독립하 바 있다.카카오 관계자는 다음 분사 논의에 관해 ""완전한 별도 법인 독립으로 독립성을 확보할 것""이라며 ""다양한 실험을 할 수 있는 환경과 빠르고 독자적인 의사결정 구조를 갖춰 서비스 경쟁력을 강화할 계획""이라고 설명했다. 
		"
"카카오, 김범수 CA협의체 의장 사임… 정신아 단독체제로(상보)",https://n.news.naver.com/mnews/article/417/0001063644,"김범수 카카오 창업자가 건강상의 이유로 CA협의체 공동 의장에서 물러난다. 이에 따라 CA협의체는 정신아 대표 단독 의장 체제로 전환된다. 13일 카카오 관계자는 ""김범수 창업자는 당분간 수술, 입원 등 치료에 집중","
""당분간 건강상 치료에 집중해야 할 상황""



김범수 카카오 창업자가 건강상의 이유로 CA협의체 공동 의장에서 물러난다. 사진은 경기 성남시 분당구 소재 카카오 사옥의 모습. /사진=뉴스1 김범수 카카오 창업자가 건강상의 이유로 CA협의체 공동 의장에서 물러난다. 이에 따라 CA협의체는 정신아 대표 단독 의장 체제로 전환된다.13일 카카오 관계자는 ""김범수 창업자는 당분간 수술, 입원 등 치료에 집중해야할 상황""이라며 ""이미 정신아 대표가 그룹 전체의 현안을 주도하고 있는 만큼 경영상의 변화는 크지 않을 것""이라고 밝혔다.김 창업자는 그룹의 비전 수립과 미래 전략을 그려가는 미래이니셔티브센터장 직책은 계속 수행할 방침이다. 국내외 경영 환경이 급변하는 상황에서 더 빠른 의사 결정과 실행을 도모하기 위함이다. 김 창업자는 2023년 11월부터 한시적으로 운영해 온 경영쇄신위원회 활동도 마무리한다. 그 동안 경영쇄신위원회는 ▲준법과신뢰위원회 신설 ▲인적 쇄신  ▲거버넌스 개편 등 그룹 쇄신의 기본틀을 만들었다. 쇄신의 방향성·시스템이 구체화된 만큼 이후 과제는 주요 계열사 최고경영자(CEO)들이 참여하는 ▲전략위원회 ▲책임경영위원회 ▲ ESG위원회 ▲브랜드컴위원회 등이 이어 받아 지속 추진할 예정이다.
"
"[속보] 카카오 김범수, CA협의체 의장 물러나…""치료 필요한 건강상 문제""",https://n.news.naver.com/mnews/article/629/0000372373,"CA협의체, 정신아 카카오 대표 단독 의장 체제로 김범수 카카오 창업자가 CA협의체 공동 의장에서 물러나기로 했다. 카카오는 그룹의 CA협의체가 정신아 카카오 대표 단독 의장 체제로 전환된다고 13일 밝혔다. 이에 ","
CA협의체, 정신아 카카오 대표 단독 의장 체제로



13일 카카오에 따르면 김범수 창업자가 CA협의체 공동 의장에서 물러난다. /카카오김범수 카카오 창업자가 CA협의체 공동 의장에서 물러나기로 했다.카카오는 그룹의 CA협의체가 정신아 카카오 대표 단독 의장 체제로 전환된다고 13일 밝혔다.이에 김 창업자는 공동 의장에서 물러난다. 다만 그룹의 비전 수립과 미래 전략을 그려가는 미래이니셔티브센터장 직책은 계속 수행할 예정이다.카카오는 ""국내외 경영 환경이 급변하는 상황에서 더 빠른 의사 결정 및 실행을 도모하고자 한다""며 ""김 창업자에게 당분간 집중적 치료가 필요한 건강상의 문제가 발생한 점도 고려됐다""고 설명했다.2023년 11월부터 한시적으로 운영해 온 경영쇄신위원회 활동도 마무리한다. 그간 경영쇄신위원회는 준법과신뢰위원회 신설, 인적 쇄신, 거버넌스 개편 등 그룹 쇄신의 기본 틀을 만들어 왔다.카카오는 ""쇄신의 방향성과 시스템이 구체화된 만큼 이후 과제는 주요 계열사 CEO들이 참여하는 전략위원회, 책임경영위원회, ESG위원회, 브랜드컴위원회 등이 이어받아 지속 추진할 것""이라고 밝혔다.발로 뛰는 더팩트는 24시간 여러분의 제보를 기다립니다.▶카카오톡: '더팩트제보' 검색▶이메일: jebo@tf.co.kr▶뉴스 홈페이지: http://talk.tf.co.kr/bbs/report/write
"
"[속보] 김범수 카카오 창업자, CA협의체 의장서 물러난다",https://n.news.naver.com/mnews/article/469/0000853550,김범수 카카오 창업자가 카카오그룹 전체를 이끄는 CA협의체 의장직에서 물러난다. CA협의체는 정신아 카카오 대표 단독 의장 체제로 바뀐다. 13일 카카오에 따르면 김 창업자는 건강상의 이유로 CA협의체 공동 의장 자,"
건강상 이유로 사임...경영쇄신위원회도 활동 종료정신아 카카오 대표, CA협의체 단독 의장으로



김범수 카카오 창업자가 2023년 12월 경기 성남시 판교 카카오아지트에서 사내 구성원들에게 쇄신 방안을 설명하는 모습. 카카오 제공김범수 카카오 창업자가 카카오그룹 전체를 이끄는 CA협의체 의장직에서 물러난다. CA협의체는 정신아 카카오 대표 단독 의장 체제로 바뀐다.13일 카카오에 따르면 김 창업자는 건강상의 이유로 CA협의체 공동 의장 자리를 내려놓는다. 또 김 창업자가 위원장을 맡은 경영쇄신위원회는 활동 자체를 마무리한다. 김 창업자는 기존부터 맡아온 '미래이니셔티브센터장' 직함만 유지할 것으로 알려졌다. 카카오 관계자는 ""국내외 경영 환경이 급변하는 상황에서 더 빠른 의사 결정 및 실행을 도모하기 위해 내린 결정""이라면서 ""김 창업자에게 당분간 집중적 치료가 필요한 건강상의 문제가 발생한 점도 고려됐다""고 이유를 전했다.김 창업자는 2022년 3월 카카오 이사회 의장에서 물러난 후 여러 계열사에서 사법 리스크가 본격화하자 2024년 초 CA협의체 공동 의장을 맡으면서 경영 일선에 복귀, 그룹 전반을 관리해 왔다. 동시에 경영쇄신위원회 위원장으로서 외부 감사 조직인 준법과신뢰위원회의 신설, 인적 쇄신, 거버넌스 개편 등 그룹 쇄신의 기본 틀을 만들었다. 향후 CA협의체는 정신아 카카오 대표가 단독 의장으로서 이끌게 될 전망이다. 또 경영쇄신위원회의 업무는 주요 계열사 CEO들이 참여하는 전략위원회, 책임경영위원회, ESG위원회, 브랜드컴위원회 등이 이어받아 추진한다. 카카오 관계자는 ""정 대표가 이미 카카오그룹 전체의 현안을 주도하고 있어 경영상의 변화는 크지 않을 것""이라 전했다.
"
"한전KDN, 산업부 공공기관 클라우드에 보안관제 체계 지원",https://n.news.naver.com/mnews/article/003/0013117808,한전KDN의 기술 덕에 산업통상자원부 산하 공공기관들이 클라우드 환경에서도 안전하게 국가 보안관제 체계를 지원받을 수 있게 된다. 한전KDN은 13일 자체 개발한 산업부 소관 공공기관 전용 클라우드 K-ECP에 국가,"
K-ECP 보안 게이트웨이 개발·적용



[세종=뉴시스] 한전KDN은 13일 자체 개발한 산업부 소관 공공기관 전용 클라우드 K-ECP에 국가 보안관제 체계를 지원하는 'K-ECP 보안 게이트웨이'를 개발·적용했다고 밝혔다. (사진=한전KDN 제공) 2025.03.13. photo@newsis.com *재판매 및 DB 금지[세종=뉴시스]여동준 기자 = 한전KDN의 기술 덕에 산업통상자원부 산하 공공기관들이 클라우드 환경에서도 안전하게 국가 보안관제 체계를 지원받을 수 있게 된다.한전KDN은 13일 자체 개발한 산업부 소관 공공기관 전용 클라우드 K-ECP에 국가 보안관제 체계를 지원하는 'K-ECP 보안 게이트웨이'를 개발·적용했다고 밝혔다.국가 보안관제 체계란 보안 점검 등의 에방 활동이나 보안시스템 운용을 통해 내·외부의 불법 침해 시도 및 침해 사고에 대한 탐지·분석 활동, 공격 차단 및 대책 수립 대응 등을 하는 체계를 일컫는다.이를 통해 공공분야의 중요 정보 자산과 인프라를 보호할 수 있게 된다.한전KDN은 산업통상자원 사이버안전센터 운영 전담 기관으로, 관제 노하우와 기술력을 활용해 공공 전용 서비스를 출시함으로써 국가 보안관제 체계를 지원할 수 있게 됐다.한전KDN 관계자는 ""에너지산업의 디지털 전환은 산업 발전 속도 개선과 함께 안전한 업무 수행을 위한 보안 문제가 대두되고 있다""며 ""국내 유일의 에너지ICT 공기업으로서 클라우드 활성화 정책에 부합하고 안전한 클라우드 서비스 도입 및 운영 환경 마련에 최선을 다하겠다""고 말했다.
"
정부 “내년 AI 등 게임체인저에 R&D 집중 투자”,https://n.news.naver.com/mnews/article/056/0011910383,정부가 내년에도 인공지능(AI)을 비롯한 이른바 ‘게임체인저’(판도를 바꿀 핵심)기술에 국가 연구·개발(R&D) 투자를 집중하기로 했습니다. 과학기술정보통신부는 오늘(13일) 국가과학기술자문회의 제68회 운영위원회를,"




정부가 내년에도 인공지능(AI)을 비롯한 이른바 ‘게임체인저’(판도를 바꿀 핵심)기술에 국가 연구·개발(R&D) 투자를 집중하기로 했습니다. 과학기술정보통신부는 오늘(13일) 국가과학기술자문회의 제68회 운영위원회를 열고 이 같은 내용을 핵심으로 한 ‘2026년도 국가 연구개발 투자 방향 및 기준’을 심의·의결했습니다. 투자 방향은 내년 정부 R&D 투자 분야와 방향을 제시하는 기준으로, 정부 R&D 예산을 배분하고 조정하는 지침으로 활용됩니다. 정부는 우선 핵심 성장 동력을 육성하기 위해 AI 등 게임체인저 기술에 공격적 투자를 확대하기로 했다고 밝혔습니다.  동시에 반도체와 디스플레이 등 주력산업 분야 초격차 전략기술 확보도 지원하기로 했습니다. 또 R&D 성과가 실제 실물경제에 직접적인 파급효과로 나타날 수 있도록 기술사업화 투자를 확대하고, 혁신 선도기업에 선별적, 집중적으로 지원합니다.  이와 함께 과학기술 인재를 확보하기 위해 국내외 인재를 육성·유치하고 국내에 정착할 수 있도록 지원을 강화하기로 했습니다.  과기정통부는 이런 원칙을 바탕으로 원활한 연구·개발 지원을 위해 연구예비타당성 조사를 완전히 폐지하고, 수의계약을 통해 연구 장비를 신속하게 도입하는 방안도 함께 추진할 방침입니다.[사진 출처 : 연합뉴스 / 과학기술정보통신부 제공]■ 제보하기▷ 전화 : 02-781-1234, 4444▷ 이메일 : kbs1234@kbs.co.kr▷ 카카오톡 : 'KBS제보' 검색, 채널 추가▷ 네이버, 유튜브에서 KBS뉴스를 구독해주세요!
"
티타늄 인공심장으로 100일 생존 남성 화제…결국 심장 이식 성공,https://n.news.naver.com/mnews/article/092/0002366546,"호주의 한 남성이 인공 심장으로 100일 이상 생활하다 심장 이식을 받는데 성공했다고 가디언, 호주ABC 뉴스 등 외신들이 최근 보도했다. 보도에 따르면, 심각한 심부전증을 겪고 있던 이 남성은 작년 11월 시드니 ","
			호주의 한 남성이 인공 심장으로 100일 이상 생활하다 심장 이식을 받는데 성공했다고 가디언, 호주ABC 뉴스 등 외신들이 최근 보도했다.보도에 따르면, 심각한 심부전증을 겪고 있던 이 남성은 작년 11월 시드니 세인트 빈센트 병원에서 6시간에 걸쳐 인공심장 이식 수술을 받았다.당시 그가 인공심장을 이식받은 것은 적합한 기증자가 없었기 때문이다. 지난 2월 퇴원한 이 남성은 100일 이상 인공심장으로 생활했다. 인공심장을 장착한 채 퇴원한 것은 전 세계에서 처음 있는 일이라고 외신들이 전했다.결국 이 남성은 이달 초 적합한 기증자가 나타나면서 심장 이식 수술을 받을 수 있게 됐다.



바이바코르의 인공심장 TAH (출처=바이바코르)인공심장은 호주 퀸즐랜드 출신의 다니엘 팀스 박사가 설립한 의료 기기 제조사 바이바코르(BIVACOR)가 만든 ‘TAH’(Total Artificial Heart)라고 불리는 인공심장이다. 이 인공심장은 티타늄으로 만들어졌으며, 마모되기 쉬운 판막이나 기계적 베어링이 없는 대신 자기 부상 기술을 활용한 모터를 활용해 몸에 혈액을 보낸다.이 심장의 무게는 약 650g, 환자 가슴에 있는 선을 통해 심장과 연결되는 외부 충전식 배터리로 전원을 공급한다. 배터리 구동 시간은 4시간이다. 향후 이 회사는 스마트폰 무선충전처럼 가슴 위에 충전기를 가져다 대는 것만으로 충전하는 기술을 개발할 계획이다.



다이엘 팀스는 아버지가 심부전증으로 사망한 후 이 장치를 만들게 되었다고 밝혔다. (사진=바이바코르)어릴 때 배관공인 아버지의 영향으로 아이디어를 떠올렸다는 다니엘 팀스 박사는 이후 아버지가 심부전으로 사망하면서 인공심장을 완성하겠다는 열의를 불태웠다. 그는 ""2~3년 후면 인공심장이 더 이상 새로운 것이 아니며 더 많은 사람들이 이용하게 될 것으로 기대한다""고 밝혔다.시드니 세인트 빈센트 병원 심장 전문의 크리스 헤이워드는 바이바코르의 인공 심장이 기증 심장을 기다릴 수 없는 환자나 기증 심장을 구할 수 없는 환자에게 대안이 될 것이라고 밝혔다.
"
"종이접기하고 도시락 싸는 로봇…구글, 휴머노이드 로봇 AI 공개",https://n.news.naver.com/mnews/article/015/0005105655,로봇에게 주황색 색종이를 건네자 로봇은 기다렸다는 듯 모서리를 맞춰가며 종이를 접기 시작한다. 눈 깜짝할 새 로봇은 여우 모양의 종이접기를 완성한다. 종이접기를 하는 동안 로봇은 사용자에게 일본어에서 유래한 종이접기,"




구글의 최신 로봇용 인공지능(AI) 모댈 '제미나이 로보틱스'가 탑재된 로봇팔이 색종이로 종이접기를 하고 있다./ 구글 딥마인드 제공로봇에게 주황색 색종이를 건네자 로봇은 기다렸다는 듯 모서리를 맞춰가며 종이를 접기 시작한다. 눈 깜짝할 새 로봇은 여우 모양의 종이접기를 완성한다. 종이접기를 하는 동안 로봇은 사용자에게 일본어에서 유래한 종이접기라는 뜻의 단어 ‘오리가미(origami)’의 어원을 설명해 주기도 한다.   12일(현지시간) 구글이 공개한 자사 휴머노이드 로봇용 인공지능(AI) 모델을 탑재된 로봇의 모습이다. 인간과 끊임없이 상호작용하고, 사람처럼 손가락을 자유자재로 사용하는 손재주가 뛰어나다는 게 특징이다. 특정 목적을 가진 로봇이 아닌 어디에서나 쓸 수 있는 ‘범용 로봇’을 목표로 했다.  ""물리적 세계에 AI를 도입하겠다""



구글의 최신 로봇용 인공지능(AI) 모댈 '제미나이 로보틱스'가 탑재된 로봇이 명령에 따라 작은 농구공으로 덩크슛을 하고 있다./ 구글 딥마인드 제공구글의 AI 연구조직 딥마인드는 이날 로봇용 AI 모델 ‘제미나이 로보틱스’와 ‘제미나이 로보틱스 ER’을 공개했다. 두 모델 모두 구글의 최신 AI 모델인 ‘제미나이 2.0’을 활용해 휴머노이드 로봇이 다양한 환경에서 민첩하게 반응할 수 있도록 설계됐다. 두 모델의 차이가 있다면 일반 제미나이 로보틱스 모델은 물리적 동작을 제어하는 데 초점을 맞춘 시각·언어·행동(VLA) 모델이라면 제미나이 로보틱스 ER의 경우 내재적 추론(ER) 기술을 활용해 로봇이 자체적인 행동을 할 수 있도록 돕는 데 초점을 맞췄다는 점이다. 실제 이날 구글이 공개한 시연 영상에서 제미나이 로보틱스가 탑재된 로봇은 다양한 상황에서 사람처럼 행동하는 모습을 보였다. 종이접기 외에도 작은 장난감 농구 코트에 덩크슛을 하라고 요청하자 작은 공을 집어 들어 골대에 넣기도 했다. 지시에 따라 눈앞에 놓인 여러 개의 알파벳이 적힌 블록을 철자 순서에 따라 배열하는가 하면, 비닐 봉지에 샌드위치를 넣은 뒤 지퍼를 잠그기도 했다.구글은 자사 모델의 ‘범용성’을 강조했다. 카니슈카 라오 구글 딥마인드 엔지니어는 “사람들에게 유용한 로봇 AI 모델은 다양한 상황에 적응할 수 있도록 일반적이어야 한다”며 “이 밖에도 사람과 상호작용하는 게 가능하고 사람들이 일반적으로 손과 손가락으로 할 수 있는 일을 할 수 있게 민첩해야 한다”고 말했다. 이어 “제미나이 로보틱스는 진정한 ‘범용 로봇’에 한 발 더 나아갈 수 있게 할 것”이라고 덧붙였다.   불붙는 휴머노이드 로봇 시장 경쟁 



구글의 최신 로봇용 인공지능(AI) 모댈 '제미나이 로보틱스'가 탑재된 앱트로닉의 휴머노이드 로봇./ 구글 딥마인드 제공구글은 범용성을 앞세워 최근 경쟁이 치열해지고 있는 휴머노이드 로봇용 AI 시장을 선점한다는 계획이다. 로봇의 몸이 되는 하드웨어 개발을 위해선 미국 휴머노이드 로봇 기업 앱트로닉과 협력하고 있다. 구글은 지난달 앱트로닉에 3억5000만달러(약 5000억원) 규모의 신규 투자에 공동 참여했다. 구글은 이날 제미나이 로보틱스를 앱트로닉의 로봇에 탑재해 로봇의 여러 행동을 시연하기도 했다.시장조사업체 마케츠앤마케츠에 따르면 지난해 20억3000만달러였던 휴머노이드 로봇 시장은 2029년 132억5000만달러까지 6배가량 불어날 전망이다. 테슬라는 자사 휴머노이드 로봇 ‘옵티머스’를 연내 전기차 생산라인에 투입한다는 계획을 내놨고, 엔비디아는 지난 1월 로봇 가상 훈련 플랫폼 ‘코스모스’를 발표했다. 오픈AI와 메타는 최근 로봇 전문 인력을 대거 영입하며 로봇용 AI 개발에 한창이다. 
"
"엔젤로보틱스 슈트, iF 디자인 어워드 수상",https://n.news.naver.com/mnews/article/092/0002366545,웨어러블 로봇 기업 엔젤로보틱스는 자사의 웨어러블 로봇 브랜드 '엔젤슈트'가 'iF 디자인 어워드 2025' 제품 디자인 부문에서 본상을 수상했다고 13일 밝혔다. iF 디자인 어워드는 세계적 권위의 디자인 공모전이,"
H10, 의료기기 인증 획득…상반기 출시 목표웨어러블 로봇 기업 엔젤로보틱스는 자사의 웨어러블 로봇 브랜드 '엔젤슈트'가 'iF 디자인 어워드 2025' 제품 디자인 부문에서 본상을 수상했다고 13일 밝혔다.iF 디자인 어워드는 세계적 권위의 디자인 공모전이다. 엔젤로보틱스는 작년 산업 안전용 웨어러블 기기 '엔젤기어'에 이어 2년 연속 상을 받았다.



'iF 디자인 어워드 2025'에서 본상을 수상한 엔젤슈트 (사진=엔젤로보틱스)엔젤슈트는 수술 후 재활 및 일상생활 복귀를 돕는 웨어러블 로봇이다. 공간 제약 없이 실내·외 모든 환경에서 사용 가능한 높은 범용성을 갖췄다.경량화 된 무게와 간단한 착용 구조로 사용자 편의성을 높였고, 병원뿐만 아니라 향후 일상에서도 사용할 수 있는 방향성을 제시했다는 점에서 높은 평가를 받았다.현재 엉덩관절 보조용 제품인 '엔젤슈트 H10'이 의료기기 인증을 획득했으며, 올해상반기 출시를 목표로 준비 중이다.조남민 엔젤로보틱스 대표는 ""인간 중심의 기술 혁신이 글로벌 시장에서도 인정받았다는 의미 있는 성과""라며 ""이번 수상을 계기로 더욱 발전된 웨어러블 로봇 솔루션을 개발해, 전 세계 사용자들에게 혁신적인 경험을 제공하겠다""고 말했다.
"
"카카오 김범수 창업자, CA협의체 의장서 물러난다…“건강상의 이유”",https://n.news.naver.com/mnews/article/023/0003893245,카카오 김범수 창업자가 카카오 CA협의체 공동의장에서 물러난다. 건강상의 이유로 당분간 경영 일선에서 물러나는 것이다. 카카오는 13일 김범수 창업자가 CA협의체 공동 의장 자리에서 물러난다고 밝혔다. 지난해 1월 ,"




카카오의 창업주 김범수 경영쇄신위원장 겸 미래이니셔티브센터장이 지난 11일 경기도 성남시 카카오 본사에서 열린 임직원 간담회 '브라이언톡'에서 경영 쇄신 방향성에 대해 발언하고 있다. /카카오 제공										카카오 김범수 창업자가 카카오 CA협의체 공동의장에서 물러난다. 건강상의 이유로 당분간 경영 일선에서 물러나는 것이다.카카오는 13일 김범수 창업자가 CA협의체 공동 의장 자리에서 물러난다고 밝혔다. 지난해 1월 정신아 카카오 대표와 공동 의장에 오른 지 1년여 만이다. 김 창업자의 빈자리는 정신아 대표가 이어간다. 김 창업자는 카카오 그룹의 미래 전략을 그리는 미래이니셔티브센터장 직책을 계속 수행하지만, 사실상 경영에서 손을 떼게 되는 것이다. 카카오 관계자는 “김범수 창업자가 최근 방광암 초기 진단을 받아 당분간 수술, 입원 등 치료에 집중해야 할 상황”이라며 “이미 정신아 대표가 그룹 전체의 현안을 주도하고 있는 만큼 경영상의 변화는 크지 않을 것”이라고 했다.김범수 창업자가 CA협의체에서 손을 떼게 되면서 2023년 11월부터 한시적으로 운영해 온 카카오 경영쇄신위원회 활동도 마무리된다. 그간 경영쇄신위원회는 준법과신뢰위원회 신설, 인적 쇄신, 거버넌스 개편 등 그룹 쇄신의 틀을 만들어 왔다. 이후 남은 과제들은 주요 계열사 CEO들이 참여하는 전략위원회, 책임경영위원회, ESG위원회, 브랜드컴위원회 등이 이어받아 지속 추진할 예정이다.
"
"""산학연 똘똘 뭉쳐"" 국내 자체 개발 20큐비트급 양자컴 올해 개시한다",https://n.news.naver.com/mnews/article/008/0005165358,우리나라 양자기술 최고위 정책 심의·의결기구인 양자전략위원회가 출범한 가운데 국내 연구팀이 20큐비트급 초전도 양자컴퓨팅 시스템을 기반으로 한 클라우드 서비스 개발에 성공했다. 한국표준과학연구원(이하 표준연)은 12,"
표준연·KISTI·성균관대·UNIST국내 양자연구계 대상 올 하반기 서비스 시작



국내 연구팀이 자체 개발한 20큐비트급 양자컴퓨터 하드웨어 /사진=한국표준과학연구원 우리나라 양자기술 최고위 정책 심의·의결기구인 양자전략위원회가 출범한 가운데 국내 연구팀이 20큐비트급 초전도 양자컴퓨팅 시스템을 기반으로 한 클라우드 서비스 개발에 성공했다. 한국표준과학연구원(이하 표준연)은 12일 대전 유성구 표준연 본원에서 열린 양자전략위원회 출범식에서 국내 기술로 개발한 20큐비트(양자컴퓨터의 기본 단위)급 초전도 양자컴퓨팅 시스템을 소개하고 이를 활용한 클라우드 서비스를 시연했다고 밝혔다.시스템은 크게 하드웨어 부분인 양자컴퓨터와 소프트웨어인 클라우드 환경으로 나뉜다. 성균관대와 UNIST(울산과학기술원)가 큐비트 설계 및 제작을 맡았다. KISTI(한국과학기술정보연구원)에서 외부 사용자가 접속할 수 있는 전용 서버를 개설해 클라우드 환경을 구현했다. 표준연이 모든 연구 과정을 총괄했다. 



표준연 양자컴퓨팅 클라우드 환경에 접속한 모습. 영상은 연구팀이 12일 열린 양자전략위원회에서 시연한 화면. /사진=과학기술정보통신부외부 사용자는 웹 브라우저를 통해 클라우드 환경에 접속하고, 각자의 목적에 맞는 양자 알고리즘을 설계한다. 설계한 알고리즘을 양자컴퓨터로 전송하면 양자 프로세서에서 양자 회로가 실행된다. 이어 큐비트 간 상호작용을 통해 연산이 이뤄진다. 연산을 완료하면 측정오류를 교정하는 후처리 과정을 거쳐 최종 결과가 사용자에게 제공된다. 연구팀이 현재 개발한 양자컴퓨팅 클라우드 환경에는 최대 50명이 동시 접속할 수 있다. 양자컴퓨팅을 이용한 연산은 1회당 1개만 수행할 수 있어 사용자가 양자 알고리즘을 설계하고 양자컴퓨팅에 전송한 순서에 따라 차례대로 수행된다.표준연은 ""전용 설비가 갖춰진 실험실에서 소수 인원만 사용할 수 있던 양자컴퓨터의 접근성을 크게 높였다""며 ""양자컴퓨터 상용화의 첫걸음""이라고 했다. 개발된 20큐비트급 양자컴퓨팅 클라우드는 올해 하반기 국내 양자 기술 분야 연구진 일부를 대상으로 시범 운영한다. 2026년까지 50큐비트급 양자컴퓨터를 개발하는 게 다음 목표다.연구를 총괄한 이용호 초전도양자컴퓨팅시스템연구단장은 ""과학기술정보통신부를 중심으로 국내 산학연 역량을 결집해 우리나라가 양자컴퓨팅 분야에서 세계적인 경쟁력을 확보할 수 있도록 총력을 다하겠다""고 밝혔다. 



20큐비트급 양자컴퓨팅 클라우드 서비스 모식도 /사진=한국표준과학연구원
"
과기부 올해 '6.4조' 국가전략기술에 투입…AI 공격적 투자 나선다,https://n.news.naver.com/mnews/article/079/0004001720,국가 연구개발(R&D) 체질을 선도형으로 전환하기 위해 올해 국가전략기술에 총 6조 4천억 원을 투자한다. AI·첨단바이오·양자 등 3대 게임체인저 R&D에도 3조 이상을 지원한다. 과학기술정보통신부는 13일 국가과,"
2025년도 3대 게임처 집중 지원…국가전략기술에 6.4조원내년 AI 중심 투자 확대, 기술사업화·선도기업 선별 지원신속·유연 R&D 추진 위해 R&D 예타 폐지 완수



과학기술정보통신부 제공국가 연구개발(R&D) 체질을 선도형으로 전환하기 위해 올해 국가전략기술에 총 6조 4천억 원을 투자한다. AI·첨단바이오·양자 등 3대 게임체인저 R&D에도 3조 이상을 지원한다.과학기술정보통신부는 13일 국가과학기술자문회의 운영위원회를 개최해 이 같은 내용의 '제5차 과학기술기본계획 및 제1차 국가연구개발 중장기 투자전략 2025년도 시행계획'을 심의·의결했다.중장기 투자전략 일환으로 2025년도 시행계획은 선도형 R&D로의 전환을 기본 방향으로 '혁신적 투자폴리오 수립'과 '투자 시스템 혁신'을 목표로 한다.국가혁신을 견인하는 반도체·디스플레이 등 12대 국가전략기술에 6조 4천억 원을 투입하고, 파괴적 혁신을 창출한 혁신·도전형 R&D로 3대 게임체인저(AI·첨단바이오·양자)에 3조 4천억 원을 적극 지원할 계획이다.연구생태계 구축을 위해서 학생연구자를 비롯한 신진 연구자, 전략기술 분야의 인재양성에는 4조 원을 투자해 국가 차원의 국제공동연구도 강화한다는 방침이다.과학기술의 사회적 책무를 강화하기 위해 2050년 탄소중립 사회로의 이행(2.3조원), 안전한 사회 구축(2.1조원), 첨단국방(5.0조원) 등 국가임무 달성을 위한 기술개발에 중점 투자한다.과기부는 이날 운영위에서 '2026년도 국가연구개발 투자방향 및 기준'을 의결해 내년도 국가연구개발 투자의 청사진을 제시했다.내년에는 미래 경제·산업 전반에 혁명적 변화를 일으킬 혁신적 게임체인저 기술 중에서도 인공지능(AI) 중심으로 공격적인 투자를 확대한다. 또한 반도체·디스플레이, 이차전지 등 우리 주력산업 분야에서도 높은 경쟁력을 유지하며 세계시장을 선도할 수 있도록 초격차 국가전략기술 확보를 적극 지원한다.R&D 성과가 실물경제에 파급효과로 나타나기 위해서 기술사업화 등 스케일업 투자를 확대한다. 범부처 기술사업화 생태계 구축과 혁신 선도기업에 대한 선별적·집중 지원을 이어간다는 계획이다.신속하고 유연한 R&D 추진을 위해 R&D 예타 폐지 완수, 수의계약을 통한 연구장비 신속 도입 등 제도적 지원을 강화한다. 또한 치열한 기술 경쟁에 범부처 '원팀'으로 총력 대응하는 부처협업 R&D 사업을 대폭 확대한다.한편 이날 심의·의결된 2023년도 정부 R&D 특허성과 조사분석 결과에 따르면 정부 R&D로부터 창출된 국내 특허출원은 2023년 3만 7396건으로 전년 대비 소폭(0.6%) 감소했으나, 해외 특허출원은 7017건으로 13.3% 증가한 것으로 집계됐다.류광준 과학기술혁신본부장은 ""대한민국의 미래를 제대로 준비하기 위해 내년 국가연구개발 투자방향에 그 어느 때보다도 많은 고민과 논의를 거쳤다""며 ""투자방향에 맞추어 각 부처에서 효과적이고 실행력 있는 사업을 계획하여 필요한 예산을 요구해 달라""고 당부했다.※CBS노컷뉴스는 여러분의 제보로 함께 세상을 바꿉니다. 각종 비리와 부당대우, 사건사고와 미담 등 모든 얘깃거리를 알려주세요.이메일 : jebo@cbs.co.kr카카오톡 : @노컷뉴스사이트 : https://url.kr/b71afn
"
"현대렌탈케어, ‘큐밍 아카데미’ 1기 출범",https://n.news.naver.com/mnews/article/138/0002192564,"현대렌탈케어(대표 천경호)는 창립 10주년을 맞아 렌탈 서비스 품질 강화를 위한 대규모 투자를 단행하고, 생활가전 브랜드 ‘현대큐밍’을 중심으로 전국 케어매니저의 역량 강화를 위한 ‘큐밍 아카데미’ 1기를 공식 출범","
창립 10주년 맞아 서비스 인프라 확장 및 인재 육성 집중 투자



[디지털데일리 김문기 기자] 현대렌탈케어(대표 천경호)는 창립 10주년을 맞아 렌탈 서비스 품질 강화를 위한 대규모 투자를 단행하고, 생활가전 브랜드 ‘현대큐밍’을 중심으로 전국 케어매니저의 역량 강화를 위한 ‘큐밍 아카데미’ 1기를 공식 출범했다고 발표했다.이번 교육 과정은 반기 1회 정례화될 예정이다. 체계적인 교육 인프라를 구축해 케어매니저들이 전문성을 갖춘 홈케어 전문가로 성장하고, 고객에게 보다 정교하고 차별화된 서비스를 제공할 수 있도록 지원한다는 방침이다.현대큐밍의 케어매니저와 엔지니어는 정수기, 공기청정기, 비데 등 생활 가전 렌탈 제품의 점검, 관리부터 고객 맞춤 컨설팅과 세일즈까지 담당하는 핵심 인력이다.이번 1기 과정에는 전국의 케어매니저들이 참여해 대규모 집체 교육을 받았다. 현대렌탈케어는 이들을 대상으로 2025년 비전 및 브랜드 성장 로드맵 공유, 정수기, 공기청정기, 비데 등 핵심 제품 교육 및 경쟁사 분석, 영업 데이터 분석을 통한 맞춤형 세일즈 전략, 소비자 피드백을 반영한 서비스 품질 향상 교육, 개인 소득 확대 및 성과 보상 시스템을 포함한 상생 지원 정책 등의 교육을 진행했다.특히, 이번 행사에는 현대큐밍의 2025년 브랜드 모델인 배우 정준호가 응원차 방문해, 케어매니저들과 직접 소통하는 시간을 가졌다. 그는 현장에서 ""고객과 가장 가까운 위치에서 현대큐밍의 가치를 전달하는 케어매니저야말로 브랜드의 얼굴"" 이라며, 현장의 노력과 헌신에 감사와 응원의 뜻을 전했다.현대렌탈케어는 단순 교육 프로그램을 넘어, 케어매니저, 엔지니어가 회사와 함께 성장할 수 있는 상생 구조를 구축하는 데 집중하고 있다.현대큐밍 브랜드 담당자는 ‘렌탈 서비스의 핵심은 결국 사람’이라며, 체계적인 교육과 수익 모델이 곧 서비스 경쟁력이라고 전했다. 이어 앞으로도 홈케어 전문가로 성장할 수 있도록 지속적인 지원을 아끼지 않을 것이라 강조했다.
"
내년 정부 R&D 투자…‘AI양자첨단바이오 기술’·기술사업화·인재확보 방점,https://n.news.naver.com/mnews/article/016/0002441736,- 국가과학기술자문회의 운영위원회 개최 - 2026년 정부 R&D 투자의 청사진 마련 과학기술 정부출연연구기관 R&D 모습.[헤럴드DB] [헤럴드경제=구본혁 기자] 정부가 내년 AI·양자·첨단바이오 등 3대 게임체인,"
- 국가과학기술자문회의 운영위원회 개최- 2026년 정부 R&D 투자의 청사진 마련



과학기술 정부출연연구기관 R&D 모습.[헤럴드DB][헤럴드경제=구본혁 기자] 정부가 내년 AI·양자·첨단바이오 등 3대 게임체인저 기술, 기술사업화, 최고급 인재확보에 예산을 집중 투입한다.과학기술정보통신부는 13일 국가과학기술자문회의 제68회 운영위원회를 열고 ‘2026년도 국가연구개발 투자방향 및 기준(안)’, ‘2023년도 정부 R&D 특허성과 조사·분석 결과(안)’, ‘제5차 과학기술기본계획 및 제1차 국가연구개발 중장기 투자전략 2025년도 시행계획(안)’ 등을 심의·의결했다.내년도 국가연구개발 중점 투자방향은 살펴보면 먼저 과학기술 혁신을 통해 제2의 ‘한강의 기적’을 이끌 수 있도록 핵심 성장동력 육성에 적극 투자한다. 미래 경제·산업 전반에 혁명적 변화를 일으킬 혁신적 게임체인저 기술, 특히 인공지능(AI) 중심으로 공격적인 투자를 확대한다. 또한 반도체·디스플레이, 이차전지 등 우리 주력산업 분야에서도 높은 경쟁력을 유지하며 세계시장을 선도할 수 있도록 초격차 국가전략기술 확보를 적극 지원한다.R&D 성과가 실물경제에 직접적 파급효과로 나타나 국가 전체의 혁신성과가 극대화될 수 있도록 기술사업화 등 스케일업 투자를 확대한다. 원천기술과 산업화 사이 간극이 발생하지 않도록 범부처 기술사업화 생태계를 구축하여 대형성과 창출을 총력 지원하며, 국가전략기술 분야 중심의 혁신 선도기업에 대해 선별적·집중적 지원으로 첨단 신사업 전환을 촉진한다.새로운 도전을 이어갈 최고급 과학기술 인재 확보를 위해 국내외 인재를 적극 육성·유치하고, 이들이 국내에 정착하여 연구를 지속할 수 있도록 전주기 지원을 강화한다. 특히 인력 확보가 시급한 국가전략기술 분야의 연구·산업 현장에서 즉시 활용할 수 있는 현장밀착형 고급인재 육성을 강화한다.선도형 정부 R&D 투자시스템 고도화도 함께 추진한다.신속하고 유연한 R&D 추진을 위해 R&D 예타 폐지 완수, 수의계약을 통한 연구장비 신속 도입 등 제도적 지원을 강화한다. 또한 치열한 기술 경쟁에 범부처 ‘원팀’으로 총력 대응하는 부처협업 R&D 사업을 대폭 확대한다. 민·관 협력을 위한 소통 채널을 강화하고 대규모 혁신펀드로 민간투자 재원도 확대한다.과기정통부는 ‘제5차 과학기술기본계획’과 ‘제1차 국가연구개발 중장기 투자전략’의 2025년도 시행계획(안)을 수립했다.이에 따르면 ‘질적 성장을 위한 과학기술 체계 고도화’를 위해 혁신도전형 R&D 요건을 갖춘 사업 선별·정비, 투자 확대 및 유연한 연구관리를 위한 제도개선을 추진하고, 기술·산업트렌드 등을 반영한 12대 국가전략기술 분야 육성 로드맵을 재정비한다.



류광준 과학기술정보통신부 과학기술혁신본부장이 13일 오후 서울 종로구 광화문교보빌딩 국가과학기술자문회의 대회의실에서 ‘국가과학기술자문회의 제68회 운영위원회’ 를 주재하고 있다.[과기정통부 제공]‘혁신주체의 역량 제고 및 개방형 생태계 조성’을 위해 전략지도, 인력지도 등을 기반으로 글로벌 R&D 전략성 강화방안을 마련하고, 국내 대학의 연구 역량과 연구지원 체계를 획기적으로 개선하기 위한 국가연구소(NRL2.0) 사업을 본격 추진한다. 또한 이공계 석·박사들이 학업과 연구에 몰입할 수 있도록 청년연구자 대상 경제적 지원을 신설ㆍ확대할 계획이다. 2027년까지 1,000개 이상의 초격차 스타트업을 발굴·육성하기 위해 신규 초격차 스타트업을 선발한다.국가AI컴퓨팅센터 구축 및 ‘AI-반도체 이니셔티브’ 기술혁신 과제를 본격 추진하고, 1000큐비트급 양자컴퓨터 개발 및 공공바이오파운드리 구축 등 핵심분야 기술 확보에 나선다.중장기 투자전략의 2025년도 시행계획에서는 국가혁신을 견인하는 최초·최고 기술에 대해 집중 투자한다. 반도체·디스플레이 등 12대 국가전략기술에 6.4조원을 투자하고, AI·양자 등 게임체인저 기술, 파괴적 혁신을 창출할 혁신·도전형 R&D에 각각 3.4조원 및 1조원을 투자하는 등 적극 지원한다.류광준 과학기술혁신본부장은 “대한민국의 미래를 제대로 준비하기 위해 내년 국가연구개발 투자방향에 그 어느 때보다도 많은 고민과 논의를 거쳤다”며 “투자방향에 맞추어 각 부처에서 효과적이고 실행력 있는 사업을 계획하여 필요한 예산을 요구해달라”고 당부했다.
"
"한국디자인진흥원-특허청, 디지털 변화 속 디자인 보호 나선다",https://n.news.naver.com/mnews/article/030/0003292941,한국디자인진흥원이 특허청과 디자인보호제도·디자인 산업 진흥을 위한 업무협약을 체결했다. 협약은 양 기관이 협력해 대내외 환경 변화에 맞춘 디자인 보호체계를 구축하고 개선 방안을 마련하고자 추진됐다. 양 기관은 디지털,"




윤상흠 한국디자인진흥원장(왼쪽)과 김완기 특허청장이 13일  '디지털 환경 변화에 따른 디자인보호제도·디자인 산업 진흥을 위한 업무협약'을 체결했다.한국디자인진흥원이 특허청과 디자인보호제도·디자인 산업 진흥을 위한 업무협약을 체결했다.협약은 양 기관이 협력해 대내외 환경 변화에 맞춘 디자인 보호체계를 구축하고 개선 방안을 마련하고자 추진됐다.양 기관은 디지털 전환 과정에서 디자이너 권리가 적절하고 충분히 보호될 수 있도록 디자인보호제도 발전을 위해 협력한다.디자인등록출원의 활성화와 디자인 산업 발전에 필요한 정보를 상호 제공한다. 양 기관이 각각 운영 중인 분쟁조정위원회간 협력 체계를 구축해 디자인 권리보호 서비스도 개선할 예정이다.또, 한국디자인진흥원 중국사무소와 특허청의 해외지식재산센터를 통해 디자이너·디자인기업의 해외 진출과 분쟁 해결에 필요한 지원책도 공동으로 모색할 방침이다.이밖에도 디자이너의 창작물 보호와 디자인 산업 진흥에 필요한 다양한 전략을 발굴해 공동 추진할 예정이다.윤상흠 한국디자인진흥원장은 “양 기관이 협력해 디자이너들이 마음 놓고 재능을 펼칠 수 있는 환경을 구축해나가겠다”고 말했다.
"
"카카오, '다음' 떼내서 분사한다…""의사결정 효율화""",https://n.news.naver.com/mnews/article/079/0004001713,카카오가 사내독립기업(CIC)로 있던 '다음'을 분사하는 절차에 돌입한다. 13일 정보기술(IT) 업계에 따르면 카카오는 이날 사내 타운홀 미팅을 열고 다음을 분사하겠다고 밝혔다. 카카오는 지난 2023년 5월 다음,"
카카오, '다음' 사내독립기업 2년 만에 분사""독립적인 의사결정 구조로 서비스 경쟁력 높일 것""



연합뉴스카카오가 사내독립기업(CIC)로 있던 '다음'을 분사하는 절차에 돌입한다.13일 정보기술(IT) 업계에 따르면 카카오는 이날 사내 타운홀 미팅을 열고 다음을 분사하겠다고 밝혔다.카카오는 지난 2023년 5월 다음을 사내독립기업(CIC)으로 독립했다. 이후 지난 3월 콘텐츠 CIC로 변경하고, 당시 양주일 카카오톡 부문장을 대표로 선임했다.지난달에는 9년 만에 다음 애플리케이션 로고와 앱 구성을 개편해, 맞춤형 콘텐츠 탐색을 강화한 바 있다.카카오는 다음 직원들에게 선택권을 부여해, 카카오 본사에 잔류하고자 하면 카카오 소속으로 남을 수 있게 한다는 계획이다.다음이 사내독립기업으로서는 빠르고 독자적인 의사결정에 한계가 있다는 판단으로, 의사결정의 효율화를 높여 서비스 경쟁력을 강화하기 위해 분사를 결정하게 됐다는 게 카카오측 설명이다.카카오 관계자는 ""콘텐츠 CIC의 재도약을 위해 완전한 별도 법인으로 독립성을 확보해 다음에서 다양한 (서비스) 실험을 할 수 있는 환경을 구축할 계획'이라면서 ""현재 직원들에게 설명하는 과정에 있고 추후 절차들을 진행할 것""이라고 밝혔다.※CBS노컷뉴스는 여러분의 제보로 함께 세상을 바꿉니다. 각종 비리와 부당대우, 사건사고와 미담 등 모든 얘깃거리를 알려주세요.이메일 : jebo@cbs.co.kr카카오톡 : @노컷뉴스사이트 : https://url.kr/b71afn
"
"유쾌한프로젝트, AI 멘탈 솔루션 `클라이피FAV` 세계 최초로 `MWC2025`서 공개",https://n.news.naver.com/mnews/article/029/0002941026,"AI 멘탈 에이전트 '클라이피FAV' 세계최초 공개, 전세계 기업·정부 관계자들의 이목 집중 상반기 중으로 클라이피 공식 모바일앱에서 FAV를 이용해볼 수 있을 것이라 밝혀 유쾌한프로젝트(대표 홍주열)가 스페인 바르","
AI 멘탈 에이전트 '클라이피FAV' 세계최초 공개, 전세계 기업·정부 관계자들의 이목 집중상반기 중으로 클라이피 공식 모바일앱에서 FAV를 이용해볼 수 있을 것이라 밝혀



유쾌한프로젝트(대표 홍주열)가 스페인 바르셀로나에서 열린 모바일 월드 콩그레스(MWC) 2025에서 기업 구성원의 멘탈 건강을 관리하는 AI 솔루션 '클라이피FAV'를 공개했다고 밝혔다.클라이피FAV는 AI 멘탈 에이전트로, 얼굴 표정과 목소리를 분석해 개인의 멘탈 건강 지수를 대시보드 형태로 제공하는 것이 특징이다. 현재 얼굴 표정과 목소리 분석을 기반으로 멘탈 건강 지수를 측정하고 있으며, 향후 행동 인식 기능을 추가해 더욱 정밀한 분석을 제공할 계획이다. MWC 2025 행사장 내 유쾌한프로젝트 부스에서는 QR 코드를 통해 방문객들이 직접 솔루션을 체험할 수 있도록 했으며, 행사 기간 동안 국내 대기업 관계자를 비롯해 통신, IT 및 금융, 보험 산업을 영위하고 있는 전 세계 기업 관계자 및 국내외 정부 관계자들이 부스를 방문해 클라이피FAV를 경험했다.이외에도 유쾌한프로젝트는 11일 '클라이피' 공식 모바일 앱을 출시하였으며, 상반기 중으로 클라이피FAV 기술을 앱에 내재화하여 직접 이용해볼 수 있을 계획이다.유쾌한프로젝트 홍주열 대표는 ""멘탈 건강은 건강한 삶을 위한 필수 요소""라며 ""기업이 멘탈 케어를 조직 문화로 정착시키는 것이 중요하다""며 ""이를 통해 구성원의 정신건강을 예방적으로 관리하면 기업의 생산성도 자연스럽게 향상된다""고 말했다.한편, MWC는 CES(미국), IFA(독일)와 함께 세계 3대 정보통신기술(ICT) 전시회로 꼽히는 글로벌 행사로, 최첨단 기술과 혁신 트렌드를 선보이는 대표적인 전시회다.   
		"
"카카오, 포털 '다음' 분사 추진…사내독립기업 설립 2년만",https://n.news.naver.com/mnews/article/422/0000720899,카카오가 포털 서비스 다음을 사내독립기업(CIC)으로 분리한 지 약 2년 만에 분사를 추진합니다. 오늘(13일) ICT 업계에 따르면 카카오 콘텐츠 CIC는 이날 타운홀 미팅을 열고 직원들에게 이러한 분사 계획을 공,"




카카오 기업이미지(CI) [카카오 제공]카카오가 포털 서비스 다음을 사내독립기업(CIC)으로 분리한 지 약 2년 만에 분사를 추진합니다.오늘(13일) ICT 업계에 따르면 카카오 콘텐츠 CIC는 이날 타운홀 미팅을 열고 직원들에게 이러한 분사 계획을 공유했습니다.카카오는 포털·검색·콘텐츠 분야에서 심화되는 경쟁에 대응하기 위한 돌파구를 마련하기 위함이라고 배경을 설명했습니다.카카오 관계자는 ""콘텐츠 CIC의 재도약을 위해 분사를 준비하고 있다""며 ""완전한 별도 법인으로 독립성을 확보, 다양한 실험을 할 수 있는 환경과 빠르고 독자적인 의사결정 구조를 갖춰 서비스 경쟁력을 강화할 계획""이라고 전했습니다.다음 별도 법인의 대표에는 양주일 콘텐츠 CIC 대표가 유력한 것으로 전해졌습니다.카카오는 다음 직원들이 카카오에 남거나 분사 법인에 이동할 수 있게 선택권을 부여할 계획입니다.2014년 다음을 합병한 카카오는 2023년 5월 사내독립기업(CIC)을 설립해 독자적 의사결정이 가능한 형태로 다음을 운영해왔습니다.분사 계획이 비핵심 사업 정리를 추진하고 있는 카카오의 비핵심 사업 정리 일환이 아니냐는 분석도 제기됩니다.웹로그 분석사이트 인터넷트렌드에 따르면 이달 첫째 주(2∼8일)에 다음의 국내 검색 시장 점유율은 평균 2.74%로 네이버(64.39%), 구글(27.65%)과 비교해 크게 뒤처진 상태입니다.#카카오 #다음 #분사연합뉴스TV 기사문의 및 제보 : 카톡/라인 jebo23
		"
"[속보]카카오 김범수 CA협의체 공동 의장 사임, ""건강 문제""",https://n.news.naver.com/mnews/article/079/0004001706,김범수 카카오 창업자는 CA협의체 공동 의장에서 물러난다. 카카오 그룹의 CA협의체가 정신아 카카오 대표 단독 의장 체제로 전환된다. 카카오는 이 같은 CA협의체 조직개편을 마쳤다고 13일 밝혔다. 김 창업자가 당분,"
정신아 카카오 대표 단독 의장 체제김 창업자, 경영쇄신위원회 활동도 마무리



김범수 카카오 창업자. 박종민 기자김범수 카카오 창업자는 CA협의체 공동 의장에서 물러난다. 카카오 그룹의 CA협의체가 정신아 카카오 대표 단독 의장 체제로 전환된다.카카오는 이 같은 CA협의체 조직개편을 마쳤다고 13일 밝혔다.김 창업자가 당분간 집중적 치료가 필요한 건강상의 문제가 발생한 점이 고려됐다는 게 카카오 측 설명이다.김 창업자는 그룹의 비전 수립과 미래 전략을 그려가는 미래이니셔티브센터장 직책은 계속 수행한다. 국내외 경영 환경이 급변하는 상황에서 더 빠른 의사 결정 및 실행을 도모하기 위해서다.지난 2023년 11월부터 운영해 온 경영쇄신위원회 활동도 마무리한다. 그간 경영쇄신위원회는 준법과신뢰위원회 신설, 인적 쇄신, 거버넌스 개편 등 그룹 쇄신에 필요한 방안을 논의해 왔다.이후 경영쇄신과 관련된 과제는 주요 계열사 CEO들이 참여하는 전략위원회, 책임경영위원회, ESG위원회, 브랜드컴위원회 등이 이어받아 지속 추진할 예정이다.※CBS노컷뉴스는 여러분의 제보로 함께 세상을 바꿉니다. 각종 비리와 부당대우, 사건사고와 미담 등 모든 얘깃거리를 알려주세요.이메일 : jebo@cbs.co.kr카카오톡 : @노컷뉴스사이트 : https://url.kr/b71afn
"
"노스볼트, 스웨덴서도 파산 신청…“자금 조달 지속 추진”",https://n.news.naver.com/mnews/article/030/0003292938,스웨덴 배터리 제조사 노스볼트가 현지에서 파산 신청을 했다고 12일(현지시간) 밝혔다. 노스볼트는 “최근 비용 증가·공급망 중단·수요 변화 등 복합적인 어려움을 겪어왔다”며 “이사회는 스웨덴 법원 파산 절차로 회사를,"




노스볼트 스웨덴 셸레프테오 공장 전경. (사진=노스볼트)스웨덴 배터리 제조사 노스볼트가 현지에서 파산 신청을 했다고 12일(현지시간) 밝혔다.노스볼트는 “최근 비용 증가·공급망 중단·수요 변화 등 복합적인 어려움을 겪어왔다”며 “이사회는 스웨덴 법원 파산 절차로 회사를 운영하기 위한 자금 조달을 추진하는 게 유일한 해결책이라고 결정했다”고 설명했다.노스볼트는 지난해 11월 미국에서 파산보호 신청을 하고 유동성 지원을 받았지만, 회사 유지에 필요한 재정을 확보하지 못했다고 부연했다. 이에 재기를 모색하기 위해 본국에도 파산을 신청한 것으로 풀이된다.회사는 스웨덴 법원 감독하에 자산 매각과 미지급 채무 정산 등 파산 절차를 밟게 된다. 톰 존스턴 노스볼트 임시 이사회 의장은 “모든 이해 관계자의 인내심과 장기적인 헌신이 필요한 시점”이라고 말했다.노스볼트는 유럽 최초로 전기차용 이차전지를 생산해 '유럽연합(EU) 배터리 독립'의 상징으로 여겨졌지만, 저조한 수율에 수요 둔화가 겹치면서 경영난에 빠졌다.노스볼트 파산은 글로벌 배터리 업계에도 적지 않은 파장을 미칠 전망이다. EU의 배터리 산업 자립에 제동이 걸리면서 중국 CATL과 국내 LG에너지솔루션·삼성SDI·SK온 영향력이 확대될 것으로 예상된다.
"
"NHN 클라우드, 5년 연속 ‘금융 클라우드 지원 사업’ 참여",https://n.news.naver.com/mnews/article/009/0005458168,핀테크·블록체인 등 기업 대상 클라우드 지원 NHN 클라우드 선택 기업 대상 프로모션도 NHN 클라우드가 ‘2025년 금융 클라우드 지원 사업’에 공급 기업으로 5년 연속 참여하고 다양한 혜택을 제공하는 프로모션을 ,"
핀테크·블록체인 등 기업 대상 클라우드 지원NHN 클라우드 선택 기업 대상 프로모션도



 [사진 = NHN 클라우드]NHN 클라우드가 ‘2025년 금융 클라우드 지원 사업’에 공급 기업으로 5년 연속 참여하고 다양한 혜택을 제공하는 프로모션을 진행한다고 13일 밝혔다.한국핀테크지원센터가 주관하는 ‘금융 클라우드 지원사업’은 핀테크, 블록체인, 금융 인공지능(AI) 및 솔루션 기업에 클라우드 환경을 제공해 혁신적인 금융 서비스 개발 및 운영을 지원하는 사업이다. 공급 기업과 매칭된 수요 기업은 연간 최대 9600만원의 클라우드 이용 보조금과 클라우드 신규 구축·이관 지원, 보안 컨설팅, 모의 해킹 및 취약점 분석 지원 등 혜택을 제공받게 된다.5년째 공급 기업으로 참여하는 NHN 클라우드는 신한투자증권, 신한EZ손해보험, 상상인저축은행, 데일리펀딩 등 다양한 형태의 핀테크 기업에 금융 규제/규정을 준수한 클라우드 서비스를 공급해왔다. NHN 클라우드 관계자는 “이러한 경험을 바탕으로 수요 기업의 안전하고 쾌적한 클라우드 전환에 기여해 나갈 계획”이라고 밝혔다.구체적으로 프라이빗, 하이브리드, 멀티 클라우드 등 수요 기업이 필요로 하는 맞춤형 클라우드 환경을 제공한다. 또 고객이 희망하는 데이터센터에 클라우드를 구축해 운영을 지원하는 ▲‘클라우드 리전’ ▲‘NHN 클라우드 스테이션’ 등의 금융 특화 프라이빗 클라우드 서비스와 금융 알림 등을 보낼 수 있는 메시징 솔루션 ▲‘NHN 클라우드 노티피케이션’, 앱 보호 솔루션 ▲‘NHN 앱가드’ 등 서비스형 소프트웨어(SaaS) 라인업을 공급한다.또 NHN 클라우드를 선택하는 수요 기업을 대상으로 다양한 혜택을 제공하는 프로모션도 진행한다. 수요 기업은 ▲500만원 상당의 클라우드 데모 환경 및 크레딧 ▲수요기업 선정을 위한 무료 금융 보안 규정 컨설팅 ▲NHN 클라우드 마켓플레이스 상품 특별 할인 ▲맞춤형 금융 클라우드 아키텍처 등을 지원받을 수 있다.NHN 클라우드 김동훈 대표는 “NHN 클라우드는 신한투자증권에 금융 분야 규제와 규정을 준수한 ‘랜딩존’ 구축 경험을 녹여낸 금융 특화 프라이빗 클라우드 서비스를 출시하는 등 금융 부문 독자적인 역량을 갖추고 있다”며 “망분리 규제가 완화되는 등 금융 산업에 긍정적인 변화가 이뤄지는 가운데, 더욱 많은 기업들이 NHN 클라우드를 통해 혁신적인 서비스를 개발 및 운영할 수 있도록 최선을 다하겠다”고 밝혔다.
"
"혜움, ‘AI 권위자’ 연세대 조성배 교수 사외이사 선임",https://n.news.naver.com/mnews/article/009/0005458167,국가AI위원회 기술혁신분과위원장 등 맡아 금융 AI 에이전트 사업 확대 및 고도화 속도 금융 인공지능(AI) 기술 기업 혜움은 연세대학교 컴퓨터과학과 조성배 특훈교수를 사외이사로 선임했다고 13일 밝혔다. 조 신임 ,"
국가AI위원회 기술혁신분과위원장 등 맡아금융 AI 에이전트 사업 확대 및 고도화 속도



 조성배 연세대 교수. <혜움>금융 인공지능(AI) 기술 기업 혜움은 연세대학교 컴퓨터과학과 조성배 특훈교수를 사외이사로 선임했다고 13일 밝혔다.조 신임 사외이사는 카이스트에서 전산학과 공학박사를 취득, 1995년부터 연세대학교 전임교수로 재임하며 컴퓨터과학과에서 후학을 양성 중이다. 특히 지난해에는 실용 인공지능 연구 학술논문 1500여 건이 피인용 총수 2만건을 돌파, 컴퓨터공학 분야 연구 포털 ‘가이드 투 리서치(Guide2Research)’에서 선정한 세계 최고 수준의 AI분야 연구자에 이름을 올렸다.이밖에 연세대 인공지능대학원장, 국방부 국방AI센터추진단 민간위원, 한국연구재단 ICT융합연구단 전문위원, 한국정보과학회 인공지능소사이어티 회장을 역임했다. 현재는 국가인공지능위원회 기술혁신분과위원장을 맡고 있으며, 한국과학기술한림원 정회원, 전기전자공학자학회(IEEE) 석학회원으로 선정된 바 있다.스켈터랩스, 디앤엑스, SAP코리아와 같은 인공지능 스타트업에 기술자문도 제공하며 국내외 산학 전반에서 AI 핵심 권위자로 인정받고 있다.혜움은 챗GPT 기반의 ‘혜움 레포트 2.0’, 국내 최초 AI 경정청구 플랫폼 ‘더낸세금’ 등 기업의 효율적인 재무 업무를 돕는 AI 솔루션을 제공하는 기업이다. 이번 사외이사 영입으로 금융 AI 에이전트 사업 확대 및 고도화에 속도를 내 연내 사람의 개입 없이 금융업무를 처리하는 AI 에이전트 서비스를 선보일 계획이다.조 사외이사는 “금융 AI 에이전트를 선도하는 혜움에 합류하게 돼 기쁘다”며 “앞으로 혜움이 AI 대표 기업으로 자리매김할 수 있도록 도움을 아끼지 않겠다”고 말했다.옥형석 혜움 대표는 조 이사에 대해 “혜움의 AI 혁신을 촉진하고 차별성을 확보하는 등 기술 외연을 넓히는 주춧돌 역할을 할 것”이라고 기대감을 전했다.한편 혜움은 금융 AI 서비스 증진을 위해 전 분야에 걸쳐 핵심 인재를 적극 채용 중이다. 올초에는 제품 기획·운영 전문가인 민대기 CPO를 영입해 금융 AI 에이전트 사업 경쟁력을 한층 더 높였다.
"
"JW메디칼, 대한영상의학기술학회 춘계학술대회에서 영상진단기기 전시",https://n.news.naver.com/mnews/article/018/0005961989,"JW메디칼은 대한영상의학기술학회 춘계학술대회에서 미국 케어스트림 헬스(케어스트림)의 영상진단기기를 전시하고, 국내 의료 관계자들을 대상으로 마케팅 활동을 진행했다고 13일 밝혔다. 대한영상의학기술학회는 일반·투시 분","
촬영 시간 단축 및 의료진 사용 편의성 강화한 최신 디텍터 ‘DRX-LC’ 소개[이데일리 김승권 기자] JW메디칼은 대한영상의학기술학회 춘계학술대회에서 미국 케어스트림 헬스(케어스트림)의 영상진단기기를 전시하고, 국내 의료 관계자들을 대상으로 마케팅 활동을 진행했다고 13일 밝혔다.대한영상의학기술학회는 일반·투시 분야의 기초이론과 영상의학기술의 임상응용에 관한 연구를 촉진하고, 방사선 분야의 전문성 향상을 목표로 매년 방사선 관련 기초·응용 기술 및 골밀도·3D프린터 등의 보수교육과 학술대회를 개최하고 있다. 이번 학술대회는 지난 8일 신촌세브란스병원에서 개최됐다.



대한영상의학기술학회 춘계학술대회 JW메디칼 부스 모습 (사진=JW중외제약)이번 행사에서 JW메디칼은 케어스트림의 영상진단기기를 전시해 참석자들의 이목을 집중시켰다. 케어스트림은 카메라 필름으로 유명한 코닥(kodak)의 의료사업 부문이 분사되어 2007년 설립된 의료영상기술 분야의 글로벌 기업으로, 디지털 방사선(DR) 시스템 및 디텍터 등 영상진단 솔루션에 대한 원천 기술을 보유하고 있다.더불어 JW메디칼은 케어스트림에서 개발한 디텍터 ‘DRX-LC’를 선보였다. DRX-LC는 대퇴골이나 경골 등 긴 뼈의 촬영 시간을 줄여 의료진의 기기 사용 편의성을 높인 최신 디텍터다. 이 제품은 디텍터의 호환성을 극대화하는 ‘X-Factor’ 기능을 지원해 케어스트림의 다양한 영상진단기기에 사용할 수 있도록 설계됐다.JW메디칼은 지난 2020년 케어스트림과 국내 판매 계약을 체결하고, 프리미엄 영상진단기기에 대한 영업?마케팅 활동을 강화해 나가고 있다. 현재 상급종합병원부터 사립병원, 국군병원, 보건소 등에 케어스트림의 영상진단기기를 공급하고 있으며, 의료현장에 신속한 서비스 제공을 위해 케어스트림과 24시간 ‘All in ONE’ 시스템을 구축해 운영하고 있다.JW메디칼 관계자는 “케어스트림의 영상진단 기술과 제품에 대해 국내 의료진들이 많은 관심을 보였다”며, “앞으로도 의료현장의 편의성 개선에 도움을 주는 기술과 제품을 널리 알릴 수 있도록 다방면에서 노력할 계획“이라고 말했다.한편, JW중외제약의 계열사인 JW메디칼은 영상진단 분야에 집중, 초음파진단장치, 디지털 엑스레이, CT, MRI 등 높은 기술력의 글로벌 프리미엄 혁신 장비 일체를 국내에 공급하고 있다.
"
카카오 “김범수 CA협의체 사임…정신아 대표 단독 의장”,https://n.news.naver.com/mnews/article/056/0011910380,카카오 그룹의 컨트롤타워 역할을 하는 조직인 CA협의체가 정신아 카카오 대표 단독 의장 체제로 바뀝니다. 카카오측은 오늘(13일) “김범수 카카오 창업자가 건강상의 이유로 CA협의체 공동 의장에서 물러난다”며 “(하,"




카카오 그룹의 컨트롤타워 역할을 하는 조직인 CA협의체가 정신아 카카오 대표 단독 의장 체제로 바뀝니다.  카카오측은 오늘(13일) “김범수 카카오 창업자가 건강상의 이유로 CA협의체 공동 의장에서 물러난다”며 “(하지만)그룹의 미래 전략을 그려가는 미래이니셔티브센터장 직책은 계속 수행한다”고 밝혔습니다.  카카오 관계자는 “김 창업자에게 당분간 집중적 치료가 필요한 상황”이라며 “이미 정신아 대표가 그룹 전체의 현안을 주도하고 있는 만큼 경영상의 변화는 크지 않을 것”이라고 전했습니다.  동시에 카카오 측은 지난 2023년 11월부터 그룹 쇄신을 위해 한시적으로 운영해 온 경영쇄신위원회 활동도 마무리된다고 설명했습니다. 카카오 김범수 창업자의 사임 속에 앞서 네이버는 이해진 창업자가 9년 만에 사내이사로 신규 선임, 이 창업자가 이사회 의장에 복귀할 예정이어서 양사의 엇갈린 행보가 주목받고 있습니다.[사진 출처 : 연합뉴스]■ 제보하기▷ 전화 : 02-781-1234, 4444▷ 이메일 : kbs1234@kbs.co.kr▷ 카카오톡 : 'KBS제보' 검색, 채널 추가▷ 네이버, 유튜브에서 KBS뉴스를 구독해주세요!
"
“배터리 소재 中과 '기울어진 운동장'서 경쟁…파격 정책 지원 필요”,https://n.news.naver.com/mnews/article/030/0003292933,글로벌 배터리 소재 시장에서 중국의 존재감이 두드러지는 가운데 국내 기업 경쟁력 확보를 위해 정부 차원의 정책 지원이 필요하다고 업계가 한목소리로 호소했다 박재범 포스코경영연구원 수석연구원은 13일 국회 이차전지 포,"




13일 국회의원회관에서 열린 국회 이차전지 포럼 '글로벌 공급망 재편에 따른 소재 산업 경쟁력 강화' 토론회에서 참석자들이 기념사진을 촬영했다. (한국배터리산업협회)글로벌 배터리 소재 시장에서 중국의 존재감이 두드러지는 가운데 국내 기업 경쟁력 확보를 위해 정부 차원의 정책 지원이 필요하다고 업계가 한목소리로 호소했다박재범 포스코경영연구원 수석연구원은 13일 국회 이차전지 포럼 '글로벌 공급망 재편에 따른 소재 산업 경쟁력 강화' 토론회에서 “정부 보조금을 등에 업은 중국산 배터리 소재가 글로벌 시장에 과잉 공급되고 있고 기업의 노력만으로는 원가차이 극복이 어려워 우리 기업들은 '기울어진 운동장'에서 경쟁을 하는 상황” “공급망 경제안보 품목을 대상으로 생산보조금을 지원하고 전기요금을 한시적으로 감면하는 등 파격적인 정책 지원이 절실하다”고 강조했다.최근 중국 리튬인산철(LFP) 배터리가 글로벌 시장에 과잉 공급되면서 국내 배터리 산업 위기감을 고조시키고 있다. 특히 소재 공급망 취약성이 두드러진다. 이차전지 핵심 4대 소재 중 양극재를 제외한 음극재, 전해액, 분리막 분야에서 국내 소재사들은 글로벌 시장점유율이 5% 미만으로 고전 중이다. 에코프로비엠(양극재), SK아이이테크놀로지(분리막), 엔켐(전해질)은 적자 전환하는 등 최근 경영실적도 악화되고 있다.구회진 엔켐 고문은 “막대한 자금 투입이 필요한 장치산업의 경우 실제 투자한 사업연도와 수익 발생 사업연도 간 괴리가 있어 세액공제 혜택을 받기 어려운 상황”이라며 “법인세 납부와 무관하게 공제 세액을 현금으로 돌려주는 직접환급 제도를 도입할 필요가 있다”고 밝혔다.이상근 고려아연 본부장은 “이차전지 소재 사업은 전기 다소비 업종이라 전기요금 부담이 원가 경쟁력에 미치는 영향이 크다”며 “국내 이차전지 투자 확대를 위해 산업용 전기요금 인상 시 신중한 검토가 필요하다”고 말했다.이와 함께 포스코퓨처엠은 중국산 음극재 제품과 경쟁을 위한 '생산촉진보조금'과 같은 재정 정책 지원을, 전구체 사업을 진행하는 에코앤드림은 환경 규제에 대한 현실화를, 이차전지 동박 생산업체 SK넥실리스는 첨단전략산업기금을 활용한 정부의 지분 투자와 저리 대출 지원 필요성을 언급했다.박태성 한국배터리산업협회 상근부회장은 “앞으로 2~3년의 글로벌 배터리 전쟁에서 우리 셀 제조기업이 경쟁력을 가지기 위해서는 공급망을 책임지는 소재 기업의 원가경쟁력 확보가 무엇보다 중요하다”며 “이를 위해 미국, 일본에서 시행 중인 투자세액공제 직접환급·제3자 양도제, 생산세액공제, 정책금융 등 파격적인 지원정책을 한시적으로 도입하는 방안을 적극 검토해달라”고 강조했다.'국회 이차전지 포럼'은 지난해 9월 국회 차원에서 처음으로 만든 이차전지 연구단체로 여·야 국회의원과 셀, 소·부·장, 재활용 등 배터리 전 생태계에 걸친 기업이 참여하고 있다.
"
"“중국 스파이, 코드 몆줄로 1억 달러 짜리 AI 기밀 노린다” 보안 위험 경고한 앤스로픽 CEO",https://n.news.naver.com/mnews/article/009/0005458162,생성형 인공지능(AI) ‘클로드’ 개발사인 앤스로픽의 다리오 아모데이 최고경영자(CEO)가 중국 스파이의 해킹으로 미국 AI 기업들의 기밀이 유출될 수 있다며 이를 막기 위한 미국 정부의 개입이 필요하다고 주장했다.,"




 다리오 아모데이 앤스로픽 CEO. <사진=엔스로픽>생성형AI 개발사 앤스로픽 CEO“중국 스파이, 코드 몆줄로 1억 달러 짜리 AI 기밀 노린다”생성형 인공지능(AI) ‘클로드’ 개발사인 앤스로픽의 다리오 아모데이 최고경영자(CEO)가 중국 스파이의 해킹으로 미국 AI 기업들의 기밀이 유출될 수 있다며 이를 막기 위한 미국 정부의 개입이 필요하다고 주장했다.13일 정보통신(IT) 업계에 따르면 아모데이 CEO는 최근 열린 미국 외교위원회 행사에서 “중국은 대규모 산업 스파이 활동으로 유명하다”며 “앤스로픽 같은 AI 회사가 이들의 확실한 표적이 되고 있다”고 밝혔다.그는 “(이들이 노리는) 알고리즘 중에는 코드 몇줄로 이뤄진 1억 달러짜리 가치의 비밀이 많다”며 “이를 훔치려는 사람들이 있고, 그들이 성공하고 있을 수도 있다”고 언급했다.아모데이 CEO는 이런 위험을 막으려면 미국 정부의 더 많은 도움이 중요하다고 덧붙였다. 다만 어떤 종류의 도움이 필요한지는 구체적으로 밝히지 않았다.이와 관련 앤스로픽은 이달 초 백악관 과학기술정책실(OSTP)에 제출한 권고안에서 미국 정부가 미국 정보기관 및 동맹국, AI 업계 리더들과 협력해 최전방 AI 연구소의 보안을 강화해야 한다고 주장했다.평소 아모데이 CEO는 중국 AI를 겨냥한 지적을 이어왔다. 지난달 차이나토크와의 인터뷰에서 그는 “AI 시스템의 위험으로부터 우리를 보호해야 한다”며 “이를 위한 가장 좋은 방법은 (중국에 대한) 수출 규제”라고 주장했다.이어 “H20은 (딥시크 개발) 첫 번째 단계에서는 사용할 수 없었지만 두 번째 단계의 일부에 사용되어 증강 역할을 했을 가능성이 있다”며 “H20을 금지하고 이러한 조치를 가능한 광범위하게 적용하는 것이 좋다”며 중국에 판매하지 말아야 할 구체적인 그래픽처리장치(GPU) 모델까지 언급했다.또한 딥시크에 대해 “AI 시스템의 자율성에 대한 우려를 심각하게 받아들여라”며 “구글이나 교과서에서 쉽게 찾을 수 없는 생물무기에 대한 정보를 제공하는지 여부를 따지는 국가 보안 평가에서 딥시크는 이런 정보를 전혀 차단하지 않았다. 지금까지 테스트한 모델 중 최악의 성적을 거둔 것”이라고 직접 비난하기도 했다.
"
개인정보 파기 안해 306만명 털린 모두투어…과징금 7억5000원,https://n.news.naver.com/mnews/article/018/0005961978,국내 주요 여행사 모두투어(080160)가 이용자 306만명의 개인정보 유출 사고로 과징금 7억4700만원 처분을 받았다. 개인정보보호위원회는 지난 12일 전체회의를 열고 개인정보 보호 법규를 위반한 모두투어네트워크,"
개인정보위, 모두투어에 과징금·과태료 부과·공표명령2013년부터 수집한 비회원 정보 기간 내 파기하지 않아작년 해커 공격에 대규모 유출…늑장 통지도 피해 키워[이데일리 김범준 기자] 국내 주요 여행사 모두투어(080160)가 이용자 306만명의 개인정보 유출 사고로 과징금 7억4700만원 처분을 받았다.



(사진=연합뉴스)개인정보보호위원회는 지난 12일 전체회의를 열고 개인정보 보호 법규를 위반한 모두투어네트워크에 대해 총 7억 5720만원의 과징금 및 과태료를 부과했다고 13일 밝혔다. 동시에 공표 명령과 개선 권고를 하기로 의결했다. 모두투어네트워크는 온·오프라인 여행 중개 서비스 모두투어 운영 사업자다.개인정보위에 따르면 신원 미상의 해커는 지난해 6월 모두투어네트워크가 운영 중인 웹페이지에 다수의 웹셸 파일을 업로드했다. 해당 파일에 존재하는 악성코드를 실행해 고객 정보 데이터베이스(DB)에서 회원 및 비회원 306만여명의 한글 및 영문 이름, 생년월일, 성별, 휴대전화번호 등 개인정보를 탈취했다.웹셸 공격은 특정 웹페이지의 파일 업로드 기능을 이용해 비정상적인 스크립트 파일 등을 실행하는 취약점을 통해, 시스템에서 실행 가능한 악성코드를 삽입 및 실행하고 관리자 권한 획득해 개인정보 탈취 등을 행하는 공격 기법을 말한다.



(자료=개인정보보호위원회)조사 결과 모두투어네트워크는 해커의 웹셸 공격을 예방하기 위해 업로드된 파일에 대한 파일 확장자 검증 및 실행권한 제한 등 보안 취약점을 점검 조치해야 했지만 이를 소홀히 했다. 아울러 개인정보 유출 시도를 탐지·대응하기 위한 접근통제 조치도 미흡했던 것으로 밝혀졌다.또한 모두투어네트워크는 2013년 3월부터 수집한 비회원 316만여건(중복 포함)의 개인정보를 보유 기간이 경과됐지만 파기하지 않아 대규모 유출에 영향을 끼친 것으로 나타났다. 지난해 7월 개인정보 유출 사실을 인지하고서도 정당한 사유 없이 2개월이 지난 9월에야 개인정보 유출 사실을 통지한 것도 개인정보 침해 우려를 키우게 된 원인 중 하나로 봤다.이에 개인정보위는 모두투어네트워크에 과징금 7억4700만원과 과태료 1020만원을 부과하고, 사업자 홈페이지에 처분받은 사실을 공표하도록 명령했다. 이와 함께 향후 유출통지 지연 행위 등이 재발하지 않도록 내부 개인정보보호 관리체계 개선을 요구했다.개인정보위는 “개인정보 탈취 위험에 대한 사전 탐지·차단 정책 강화 및 파일 업로드 취약점 점검·조치 등 각별한 주의와 예방이 필요하다”며 “대규모 개인정보 처리 사업자는 보유기간 경과, 처리목적 달성 등 수집한 개인정보가 불필요하게 됐을 때는 이를 지체 없이 파기해 혹시 모를 개인정보 유출 사고 발생 시 피해 규모를 최소화해야 한다”고 당부했다.
"
"카카오, 다음 분사 추진…사내독립기업 설립 2년만(종합)",https://n.news.naver.com/mnews/article/001/0015263661,카카오가 포털 서비스 다음을 사내독립기업(CIC)으로 분리한 지 약 2년 만에 분사를 추진한다. 13일 ICT 업계에 따르면 카카오 콘텐츠 CIC는 이날 타운홀 미팅을 열고 직원들에게 이러한 분사 계획을 공유했다. ,"




카카오 기업이미지(CI)[카카오 제공](서울=연합뉴스) 김현수 기자 = 카카오가 포털 서비스 다음을 사내독립기업(CIC)으로 분리한 지 약 2년 만에 분사를 추진한다.    13일 ICT 업계에 따르면 카카오 콘텐츠 CIC는 이날 타운홀 미팅을 열고 직원들에게 이러한 분사 계획을 공유했다.    카카오는 포털·검색·콘텐츠 분야에서 심화되는 경쟁에 대응하기 위한 돌파구를 마련하기 위함이라고 배경을 설명했다.    카카오 관계자는 ""콘텐츠 CIC의 재도약을 위해 분사를 준비하고 있다""며 ""완전한 별도 법인으로 독립성을 확보, 다양한 실험을 할 수 있는 환경과 빠르고 독자적인 의사결정 구조를 갖춰 서비스 경쟁력을 강화할 계획""이라고 전했다.    다음 별도 법인의 대표에는 양주일 콘텐츠 CIC 대표가 유력한 것으로 전해졌다.    카카오는 다음 직원들이 카카오에 남거나 분사 법인에 이동할 수 있게 선택권을 부여할 계획이다.    2014년 다음을 합병한 카카오는 2023년 5월 사내독립기업(CIC)을 설립해 독자적 의사결정이 가능한 형태로 다음을 운영해왔다.    분사 계획이 비핵심 사업 정리를 추진하고 있는 카카오의 비핵심 사업 정리 일환이 아니냐는 분석도 제기된다.    웹로그 분석사이트 인터넷트렌드에 따르면 이달 첫째 주(2∼8일)에 다음의 국내 검색 시장 점유율은 평균 2.74%로 네이버(64.39%), 구글(27.65%)과 비교해 크게 뒤처진 상태다.    hyunsu@yna.co.kr
"
"용인시, 삼성전자 앞 도로 '윌리엄슨카운티대로' 명예도로명",https://n.news.naver.com/mnews/article/001/0015263659,미국 윌리엄슨카운티 '용인대로' 지정에 화답 경기 용인시는 기흥구 농서동 삼성전자 기흥캠퍼스 앞 도로 370m 구간을 '윌리엄슨카운티대로(Willamson County Blvd)'라는 명예도로명을 부여했다고 13일 ,"
미국 윌리엄슨카운티 '용인대로' 지정에 화답(용인=연합뉴스) 김인유 기자 = 경기 용인시는 기흥구 농서동 삼성전자 기흥캠퍼스 앞 도로 370m 구간을 '윌리엄슨카운티대로(Willamson County Blvd)'라는 명예도로명을 부여했다고 13일 밝혔다.



용인시, 삼성전자 앞 도로 '윌리엄슨 카운티 대로' 명예도로명[용인시 제공. 재판매 및 DB 금지]    지난해 9월과 올해 1월 미국에서 용인시와 자매결연을 한 미국 텍사스주 윌리엄슨카운티와 우호 협력을 기념하기 위해서다.     윌리엄슨카운티는 삼성전자가 54조원가량을 투자해 반도체 생산시설을 건설하고 있는 테일러시 등 27개 시티를 관할하는 곳으로, 반도체 등 첨단기술 기업들이 밀집해 있는 지역이다.     윌리엄슨카운티는 지난 1월 9일 이상일 용인시장 등 시 대표단이 방문한 것을 기념해 '용인시의 날'을 제정하는 한편, 테일러시 삼성전자 반도체 시설 건설 현장 앞을 '용인대로(Yongin Blvd)'로 지정하고 도로 표지판을 세워줬다.    러스 볼즈 윌리엄슨카운티 커미셔너와 드웨인 아리올라 테일러시 시장은 지난 2월 21일 용인시를 방문해 '윌리엄슨카운티대로' 도로 표지판이 설치된 삼성전자 기흥캠퍼스 앞을 찾아 현장을 살펴보고 기념사진을 찍었다.     당시 이 시장은 ""지난 1월 용인시 대표단이 윌리엄슨카운티를 방문했을 때 환대해 준 것을 잊지 못한다""며 ""용인도 윌리엄슨 카운티 대표단이 시를 방문한 것을 반갑게 맞는 마음에서, 그리고 향후 우호 교류·협력을 강화하기 위한 차원에서 명예도로 표지판을 세웠다""고 말했다.     러스 볼즈 커미셔너는 ""용인시 삼성전자 앞 도로에 '윌리엄스 카운티대로'라는 명예도로가 생겨서 정말 기쁘다""며 ""명예도로명 부여는 윌리엄스카운티와 용인특례시의 특별한 우호 관계를 의미하는 것이기에 매우 뜻깊게 생각한다""고 화답한 바 있다.    hedgehog@yna.co.kr
"
"쏘카, KBO 손 잡았다…""야구팬 편한 이동 지원""",https://n.news.naver.com/mnews/article/029/0002941023,모빌리티 플랫폼 쏘카는 KBO와 '2025 신한SOL뱅크 KBO 리그 공동마케팅 스폰서십'을 체결했다고 13일 밝혔다. 지난 11일 서울 강남구 KBO 본사에서 열린 체결식에는 박재욱 쏘카 대표와 허구연 KBO 총재,"




박재욱(오른쪽) 쏘카 대표가 허구연 KBO 총재와 쏘카-KBO 스폰서십 체결식에서 기념 촬영을 하고 있다. 쏘카 제공.     모빌리티 플랫폼 쏘카는 KBO와 '2025 신한SOL뱅크 KBO 리그 공동마케팅 스폰서십'을 체결했다고 13일 밝혔다. 지난 11일 서울 강남구 KBO 본사에서 열린 체결식에는 박재욱 쏘카 대표와 허구연 KBO 총재 등 주요 관계자가 참석했다.쏘카는 이번 공동마케팅을 통해 전국에 포진한 5000여개의 쏘카존에서 운영 중인 2만3000대의 차량을 활용해 경기장을 방문하는 야구 팬들의 이동을 지원한다. 특히 총 60개 KTX 역사 인근 650개의 쏘카존에 배치된 3000대의 차량을 활용해 서울, 인천, 수원, 대전, 광주, 대구, 부산, 창원 등에 위치한 구장을 보다 편리하게 방문할 수 있도록 도울 예정이다.쏘카는 KBO와 함께 공동이벤트 홍보, 야구 팬들을 위한 특별 이동 지원 프로모션 등을 선보이는 동시에 온라인 주차 플랫폼 '모두의주차장'을 활용해 야구장 인근 주차장 기획전을 펼치는 등 KBO 리그 콘텐츠를 활용한 공동마케팅도 강화한다.쏘카 데이터에 따르면 지난해 사상 처음으로 천만 관중을 돌파한 야구의 인기에 야구장을 찾는 쏘카 회원의 수도 급증한 것으로 나타났다. 2024년 정규 시즌 잠실 서울종합운동장, 고척 스카이돔 등 9개 야구장 인근 1km 이내에서 쏘카 차량을 이용한 건수는 전년 대비 35% 증가했다. 야구장 인근 1km에 정차한 시간 역시 51% 뛰었다. 특히 수원KT위즈파크 인근 쏘카 이용 건수와 정차 시간은 모두 3배 이상 증가한 것으로 나타났다.박재욱 쏘카 대표는 ""야구 팬들이 카셰어링을 비롯한 쏘카의 다양한 모빌리티 서비스를 활용해 더욱 편리하게 경기를 즐길 수 있도록 KBO와 공동마케팅 스폰서십을 체결했다""며 ""이번 KBO와의 협력을 통해 지난해 천만 관중을 돌파한 KBO리그의 열기를 더욱 확산시키고, 침체된 내수 경기가 활성화될 수 있도록 힘을 보태겠다""고 밝혔다.
"
